ticker,name,sector,industry,market_cap,pe_ratio,ps_ratio,ev_to_ebitda,roe,profit_margin,debt_to_equity,dividend_yield,rev_growth_qoq,analyst_rec,target_price,current_ratio,quick_ratio,proxy_peg,free_cash_flow,ebit
MMM,3M Company,Industrials,Conglomerates,80316489728,25.415,3.2194,14.548,0.755,0.1303,276.638,2,0.02,buy,178.7329,1.708,1.195,12.71,1396000000,5159000000
AOS,A.O. Smith Corporation,Industrials,Specialty Industrial Machinery,9772948480,18.3558,2.5516,12.262,0.292,0.1426,10.974,1.94,0,hold,79.9091,1.497,0.899,,546000000,728600000
ABT,Abbott Laboratories,Healthcare,Medical Devices,1.90E+11,29.3226,4.276,16.52,0.1296,0.1472,26.787,2.27,0.044,buy,133.3892,1.576,1.023,6.66,7395000000,8959000000
ABBV,AbbVie Inc.,Healthcare,Drug Manufacturers - General,4.06E+11,96.9705,6.6442,16.204,62.25,0.0691,,2.98,0.1,buy,248.8621,0.671,0.412,9.7,17816000000,9490000000
ACN,Accenture plc,Technology,Information Technology Services,1.33E+11,17.7874,1.8856,10.538,0.2502,0.1076,25.694,3.05,0.06,buy,286.1067,1.411,1.29,2.96,10874360000,10498948000
ADBE,Adobe Inc.,Technology,Software - Application,1.18E+11,16.8007,4.9442,12.52,0.5543,0.3,57.266,0,0.105,buy,399.9812,0.996,0.877,1.6,9852000000,8997000000
AMD,"Advanced Micro Devices, Inc.",Technology,Semiconductors,3.19E+11,75.0728,9.2226,47.241,0.0708,0.1252,6.359,0,0.341,buy,289.7174,2.85,1.784,2.2,6735000000,4271000000
AES,The AES Corporation,Utilities,Utilities - Diversified,10101436416,9.3322,0.8258,13.636,0.0195,0.0744,259.393,4.95,0.047,buy,15.3333,0.766,0.39,1.99,-4640000000,2379000000
AFL,AFLAC Incorporated,Financial Services,Insurance - Life,58150436864,16.2683,3.3879,13.007,0.1312,0.2124,42.682,2.2,-0.099,hold,113,1.07,0.953,,,
A,"Agilent Technologies, Inc.",Healthcare,Diagnostics & Research,32636866560,25.4163,4.6195,17.971,0.1995,0.1826,51.39,0.86,0.07,buy,161.7222,2.066,1.468,3.63,1152000000,1547000000
APD,"Air Products and Chemicals, Inc",Basic Materials,Specialty Chemicals,60985475072,,4.9954,95.454,-0.0167,-0.0273,101.991,2.62,0.058,buy,302.3632,1.459,1.008,,-3765800000,-226700000
ABNB,"Airbnb, Inc.",Consumer Cyclical,Travel Services,79912214528,33.0757,6.5282,28.244,0.3023,0.2051,27.698,0,0.12,buy,144.8333,1.377,0.821,2.76,,2544000000
AKAM,"Akamai Technologies, Inc.",Technology,Software - Infrastructure,14443170816,32.4707,3.4322,16.193,0.0917,0.1074,114.024,0,0.074,buy,108.5922,2.363,2.047,4.39,699265000,633164000
ALB,Albemarle Corporation,Basic Materials,Specialty Chemicals,19166670848,,3.7269,31.859,-0.0466,-0.0993,33.954,0.99,0.159,buy,188.74,2.229,1.325,,692466000,-344422000
ARE,Alexandria Real Estate Equities,Real Estate,REIT - Office,8759467008,,2.9034,12.825,-0.0586,-0.4738,66.615,7.88,-0.052,hold,60.0714,1.617,1.369,,,-990028000
ALGN,"Align Technology, Inc.",Healthcare,Medical Instruments & Supplies,12359297024,30.4876,3.0631,13.551,0.1039,0.1017,2.826,0,0.053,buy,200.1428,1.363,1.173,5.75,490778000,585311000
ALLE,Allegion plc,Industrials,Security & Protection Services,12946804736,20.1732,3.1831,14.817,0.3608,0.1583,104,1.37,0.093,hold,179.5455,1.842,1.091,2.17,685700000,869400000
LNT,Alliant Energy Corporation,Utilities,Utilities - Regulated Electric,18403569664,22.793,4.2191,16.261,0.113,0.1857,168.08,2.88,0.09,buy,74.0909,0.799,0.486,2.53,,1147000000
ALL,Allstate Corporation (The),Financial Services,Insurance - Property & Casualty,54762061824,5.5424,0.8091,4.723,0.3952,0.1519,25.091,2.04,0.051,buy,240.0952,0.366,0.236,1.09,9882000000,13555000000
GOOGL,Alphabet Inc.,Communication Services,Internet Content & Information,3.62E+12,27.6824,8.9779,23.838,0.3571,0.3281,16.133,0.28,0.18,strong_buy,376.86,2.005,1.847,1.54,73266000000,1.60E+11
GOOG,Alphabet Inc.,Communication Services,Internet Content & Information,3.61E+12,27.6667,8.9728,23.841,0.3571,0.3281,16.133,0.28,0.18,strong_buy,359.2353,2.005,1.847,1.54,73266000000,1.60E+11
MO,"Altria Group, Inc.",Consumer Defensive,Tobacco,1.11E+11,16.068,5.5181,10.592,,0.345,,6.33,-0.005,buy,64.6667,0.648,0.517,,8611000000,
AMZN,"Amazon.com, Inc.",Consumer Cyclical,Internet Retail,2.30E+12,29.9679,3.2129,16.509,0.2229,0.1083,43.435,0,0.136,strong_buy,280.4677,1.051,0.844,2.2,7695000000,99585000000
AMCR,Amcor plc,Consumer Cyclical,Packaging & Containers,19872583680,32.3383,1.0134,12.404,0.0773,0.0304,138.731,5.95,0.681,none,53.4909,1.301,0.641,0.47,810000000,1046000000
AEE,Ameren Corporation,Utilities,Utilities - Regulated Electric,30829625344,20.8467,3.6399,13.665,0.1134,0.1719,147.125,2.69,-0.088,buy,115.5385,0.658,0.307,,-821000000,2373000000
AEP,American Electric Power Company,Utilities,Utilities - Regulated Electric,71507304448,19.8812,3.2688,13.595,0.1249,0.1636,154.237,2.88,0.132,buy,136.3684,0.455,0.253,1.51,-1639000000,5750000000
AXP,American Express Company,Financial Services,Credit Services,2.06E+11,19.4691,3.0818,,0.3399,0.1617,190.921,1.24,0.106,buy,378.9365,1.405,1.391,1.84,16003000000,
AIG,"American International Group, I",Financial Services,Insurance - Diversified,42016788480,14.3407,1.5789,5.135,0.074,0.1163,24.408,2.25,-0.072,buy,87.45,0.622,0.222,,,4275000000
AMT,American Tower Corporation (REI,Real Estate,REIT - Specialty,88250318848,34.9093,8.2906,19.927,0.2628,0.2376,434.211,3.62,0.075,buy,216.5238,0.397,0.342,4.65,3783600000,4403600000
AWK,"American Water Works Company, I",Utilities,Utilities - Regulated Water,26547402752,23.9007,5.1649,15.08,0.105,0.2162,146.987,2.46,0.058,hold,137.7,0.462,0.209,4.12,-1242000000,2037000000
AMP,"Ameriprise Financial, Inc.",Financial Services,Asset Management,42846257152,12.7152,2.2657,,0.6051,0.1884,57.597,1.35,0.086,buy,570,2.29,1.46,1.48,8161000000,4830000000
AME,"AMETEK, Inc.",Industrials,Specialty Industrial Machinery,51394166784,34.8836,6.9441,22.92,0.1459,0.2,24.194,0.6,0.134,buy,249.1765,1.062,0.573,2.6,1671515000,1879593000
AMGN,Amgen Inc.,Healthcare,Drug Manufacturers - General,1.98E+11,25.8187,5.3891,14.712,1.061,0.2098,640.275,2.74,0.086,buy,350.0357,1.14,0.734,3,8100000000,11731000000
APH,Amphenol Corporation,Technology,Electronic Components,1.65E+11,40.2006,7.1444,24.703,0.3685,0.1849,118.935,0.73,0.491,buy,169.4444,2.979,2.374,0.82,4378100000,5968500000
ADI,"Analog Devices, Inc.",Technology,Semiconductors,1.56E+11,58.2834,13.2387,30.339,0.0786,0.2302,25.753,1.23,0.304,buy,383.0625,1.756,1.249,1.92,4278650000,3029828000
AON,Aon plc,Financial Services,Insurance Brokers,72825446400,19.9192,4.2387,15.225,0.4694,0.2151,168.318,0.88,0.037,buy,397.421,1.11,0.298,5.38,3218000000,5574000000
APA,APA Corporation,Energy,Oil & Gas E&P,11785485312,7.8804,1.357,3.234,0.2532,0.1651,68.685,3.09,-0.28,hold,28.6786,0.825,0.614,,709000000,1908000000
APO,"Apollo Global Management, Inc. ",Financial Services,Asset Management,63149981696,19.639,1.9863,,0.147,0.1098,99.468,1.83,0.877,buy,156.8824,1.659,1.615,0.22,,7047000000
AAPL,Apple Inc.,Technology,Consumer Electronics,3.77E+12,32.4456,8.6602,25.147,1.5202,0.2704,102.63,0.4,0.157,buy,293.3134,0.974,0.845,2.07,98767000000,1.33E+11
AMAT,"Applied Materials, Inc.",Technology,Semiconductor Equipment & Materials,2.63E+11,34.0472,9.3279,30.79,0.3886,0.2778,33.108,0.53,-0.021,buy,410.625,2.715,1.74,,5698000000,9540000000
APP,Applovin Corporation,Communication Services,Advertising Agencies,1.70E+11,50.244,31.0437,40.399,2.1294,0.6083,171.801,0,0.659,buy,648.57,3.322,3.229,0.76,3942776000,4159926000
APTV,Aptiv PLC,Consumer Cyclical,Auto Parts,15632265216,96.46,0.7664,6.864,0.0195,0.0081,85.209,0,0.05,buy,100.8824,1.736,1.168,19.29,1529000000,1280000000
ACGL,Arch Capital Group Ltd.,Financial Services,Insurance - Diversified,35076808704,8.3388,1.7601,6.235,0.1954,0.2207,11.919,0,0.085,buy,109.3158,1.077,0.498,0.98,6128000000,5127000000
ADM,Archer-Daniels-Midland Company,Consumer Defensive,Farm Products,32620675072,30.3991,0.4064,16.271,0.0472,0.0134,42.376,3.13,-0.137,none,60.7273,1.365,0.287,,4204000000,1867000000
ARES,Ares Management Corporation,Financial Services,Asset Management,36417679360,64.3567,6.5014,36.197,0.1352,0.0942,163.448,4.61,0.195,buy,170.5882,0.472,0.406,3.3,3194781000,2054353000
ANET,"Arista Networks, Inc.",Technology,Computer Hardware,1.71E+11,49.5127,19.0395,41.856,0.314,0.3899,0.179,0,0.289,strong_buy,178.0634,3.048,2.349,1.71,4252400000,3856100000
AJG,Arthur J. Gallagher & Co.,Financial Services,Insurance Brokers,58533957632,39.6638,4.4995,20.492,0.0691,0.1148,58.354,1.22,0.367,buy,281.9444,1.056,0.202,1.08,1785000000,2510000000
AIZ,"Assurant, Inc.",Financial Services,Insurance - Property & Casualty,11136035840,13.1418,0.869,7.697,0.159,0.0681,38.845,1.48,0.079,buy,261.3333,0.405,0.15,1.66,1598400000,1197100000
T,AT&T Inc.,Communication Services,Telecom Services,2.02E+11,9.3865,1.61,8.184,0.188,0.1747,124.179,3.83,0.036,buy,29.413,0.906,0.605,2.61,19442000000,33811000000
ATO,Atmos Energy Corporation,Utilities,Utilities - Regulated Gas,30739382272,24.2249,6.3128,16.698,0.0924,0.2567,67.443,2.16,0.142,hold,180.9,1.13,0.759,1.71,-1511943000,1649712000
ADSK,"Autodesk, Inc.",Technology,Software - Application,54901641216,49.5162,7.6189,29.311,0.3968,0.156,89.787,0,0.194,strong_buy,331.752,0.851,0.695,2.55,2376000000,1794000000
ADP,"Automatic Data Processing, Inc.",Technology,Software - Application,90685497344,21.5596,4.2747,14.821,0.7384,0.1996,70.044,3.05,0.062,hold,276.7143,1.032,0.081,3.48,4392700000,5766000000
AZO,"AutoZone, Inc.",Consumer Cyclical,Auto Parts,61442891776,25.7753,3.1333,17.699,,0.1247,,0,0.082,buy,4225.375,0.89,0.029,3.14,1790080000,3621128000
AVB,"AvalonBay Communities, Inc.",Real Estate,REIT - Residential,25137350656,23.9905,8.2656,18.744,0.0889,0.3457,80.256,3.97,0.037,buy,197.275,0.406,0.08,6.48,1406163000,1314645000
AVY,Avery Dennison Corporation,Consumer Cyclical,Packaging & Containers,13841672192,20.3958,1.5631,12.565,0.3021,0.0777,176.335,2.05,0.039,buy,211.9,1.127,0.661,5.23,699000000,1070500000
AXON,"Axon Enterprise, Inc.",Industrials,Aerospace & Defense,46100828160,387.4392,16.5858,858.615,0.0448,0.0449,59.107,0,0.385,buy,735.0133,2.526,2.104,10.06,75081000,113212000
BKR,Baker Hughes Company,Energy,Oil & Gas Equipment & Services,59916779520,23.3192,2.1605,13.343,0.1455,0.0933,35.255,1.53,0.003,buy,61.381,1.357,0.746,77.73,2537000000,3099000000
BALL,Ball Corporation,Consumer Cyclical,Packaging & Containers,16719722496,18.9061,1.2704,11.422,0.1612,0.0693,136.027,1.27,0.162,buy,70.1538,1.114,0.696,1.17,788000000,1442000000
BAC,Bank of America Corporation,Financial Services,Banks - Diversified,3.52E+11,12.6601,3.279,,0.1022,0.284,,2.25,0.072,buy,62.3542,,,1.76,,
BAX,Baxter International Inc.,Healthcare,Medical Instruments & Supplies,9145060352,,0.8133,8.601,-0.1371,-0.0851,160.275,1.94,0.08,hold,21.6333,2.314,1.312,,323000000,-215000000
BDX,"Becton, Dickinson and Company",Healthcare,Medical Instruments & Supplies,60697112576,27.375,2.7685,11.118,0.0696,0.0801,77.284,2.47,0.016,buy,197.1538,1.049,0.372,17.11,2671000000,2494000000
BRK-B,Berkshire Hathaway Inc. New,Financial Services,Insurance - Diversified,1.07E+12,15.9086,2.8902,-2.124,0.0981,0.1803,18.809,0,-0.007,buy,523,7.067,6.623,,11616000000,1.16E+11
BBY,"Best Buy Co., Inc.",Consumer Cyclical,Specialty Retail,13929714688,21.8812,0.3341,6.212,0.3704,0.0256,139.44,5.85,-0.01,buy,74.85,1.107,0.362,,1392000000,1346000000
TECH,Bio-Techne Corp,Healthcare,Biotechnology,8428139008,101.6415,6.9334,26.973,0.0397,0.0667,17.449,0.57,-0.004,buy,75.25,4.539,2.593,,256550000,106972000
BIIB,Biogen Inc.,Healthcare,Drug Manufacturers - General,26858276864,20.844,2.7155,8.448,0.0739,0.1307,36.466,0,-0.071,buy,205.6667,2.679,1.697,,1969200000,1824000000
BLK,"BlackRock, Inc.",Financial Services,Asset Management,1.49E+11,27.1387,6.1516,17.28,0.1072,0.2293,24.367,2.21,0.234,buy,1328.4375,2.039,1.46,1.16,3552000000,8233000000
BX,Blackstone Inc.,Financial Services,Asset Management,1.36E+11,28.5891,9.5721,,0.2923,0.2124,66.531,4.1,0.506,buy,162.579,1.01,0.956,0.57,3420253000,
XYZ,"Block, Inc.",Technology,Software - Infrastructure,40184885248,31.4905,1.661,20.337,0.0601,0.054,40.444,0,0.036,buy,85.5169,2.201,1.147,8.75,1553403000,1686548000
BK,The Bank of New York Mellon Cor,Financial Services,Banks - Diversified,80069623808,15.5162,4.0027,,0.129,0.2774,,1.82,0.078,buy,133.8333,,,1.99,-782000000,
BA,Boeing Company (The),Industrials,Aerospace & Defense,1.81E+11,92.51,2.0221,-62.418,2.9008,0.025,1032.894,0,0.571,buy,271.625,1.188,0.377,1.62,-1886000000,5406000000
BKNG,Booking Holdings Inc. Common St,Consumer Cyclical,Travel Services,1.47E+11,27.4999,5.4542,14.672,,0.2008,,0.85,0.16,buy,5816.7715,1.333,1.259,1.72,9087000000,8449000000
BSX,Boston Scientific Corporation,Healthcare,Medical Devices,1.06E+11,36.8247,5.2809,22.205,0.1244,0.1444,48.921,0,0.159,strong_buy,104.2424,1.617,0.899,2.32,3404000000,3734000000
BMY,Bristol-Myers Squibb Company,Healthcare,Drug Manufacturers - General,1.22E+11,17.2948,2.5286,8.383,0.4044,0.1464,254.982,4.15,0.013,hold,62.16,1.255,1.076,13.3,12845000000,11219000000
AVGO,Broadcom Inc.,Technology,Semiconductors,1.61E+12,71.2342,23.5442,4.477,0.3337,0.3657,166.032,0.78,0.164,strong_buy,466.0338,1.902,1.343,4.34,26914000000,25939000000
BR,"Broadridge Financial Solutions,",Technology,Information Technology Services,22834880512,21.6122,3.1802,14.529,0.4179,0.1486,117.175,2.04,0.078,none,245.875,0.972,0.824,2.77,1056400000,1194500000
BRO,"Brown & Brown, Inc.",Financial Services,Insurance Brokers,24976637952,23.1503,4.334,16.022,0.1123,0.1829,62.976,0.86,0.362,hold,83.4286,1.039,0.381,0.64,1382000000,1677000000
BF-B,Brown Forman Inc,Consumer Defensive,Beverages - Wineries & Distilleries,11672878080,14.7368,2.9854,11.805,0.2042,0.2064,67.246,3.5,0.02,hold,29.1118,2.767,0.893,7.37,431000000,1203000000
BLDR,"Builders FirstSource, Inc.",Industrials,Building Products & Equipment,10197787648,23.7018,0.6713,11.238,0.1006,0.0286,117.187,0,-0.121,buy,127.2857,1.859,1.083,,853284000,786276000
BG,Bunge Limited,Consumer Defensive,Farm Products,22683136000,23.7287,0.3225,17.796,0.0596,0.0116,91.006,2.47,0.755,strong_buy,129.6,1.612,0.451,0.31,-879000000,1762000000
BXP,"BXP, Inc.",Real Estate,REIT - Office,9391986688,30.4856,2.9787,16.9,0.0492,0.0878,225.995,5.05,-0.319,buy,73.65,0.923,0.858,,,729305000
CHRW,"C.H. Robinson Worldwide, Inc.",Industrials,Integrated Freight & Logistics,21138231296,36.971,1.3022,26.465,0.3291,0.0362,75.604,1.36,-0.065,buy,193.52,1.528,1.462,,843976000,794961000
CDNS,"Cadence Design Systems, Inc.",Technology,Software - Application,82497806336,73.837,15.5751,42.588,0.2186,0.2093,48.707,0,0.062,strong_buy,371.8192,2.856,2.507,11.91,1586910000,1638584000
CPT,Camden Property Trust,Real Estate,REIT - Residential,11309824000,30.0282,7.1276,17.257,0.086,0.2423,88.402,3.9,0.022,buy,115.5227,0.029,0.021,13.65,386219000,537156000
CPB,The Campbell's Company,Consumer Defensive,Packaged Foods,7611635200,13.1603,0.7493,7.967,0.1482,0.0569,184.567,6.23,-0.034,hold,30.8333,0.819,0.299,,705000000,1141000000
COF,Capital One Financial Corporati,Financial Services,Credit Services,1.16E+11,55.5566,3.5418,,0.0239,0.0748,,1.65,0.516,buy,276.7143,,,1.08,26140000000,
CAH,"Cardinal Health, Inc.",Healthcare,Medical Distribution,51701284864,31.5675,0.2113,14.98,,0.0068,,0.95,0.188,buy,249.2667,0.906,0.38,1.68,1850000000,2316000000
CCL,Carnival Corporation,Consumer Cyclical,Travel Services,35688120320,12.755,1.3405,8.898,0.2563,0.1037,227.882,0.55,0.066,buy,38.0913,0.322,0.227,1.93,2607000000,4121000000
CARR,Carrier Global Corporation,Industrials,Building Products & Equipment,48754778112,34.5148,2.2419,18.25,0.1092,0.0682,87.719,1.59,-0.06,buy,71.799,1.199,0.66,,2121000000,2256000000
CVNA,Carvana Co.,Consumer Cyclical,Auto & Truck Dealerships,69677506560,37.6724,3.4287,23.535,0.6795,0.0692,133.119,0,0.58,buy,428.5,4.311,2.016,0.65,889000000,-385000000
CAT,"Caterpillar, Inc.",Industrials,Farm & Heavy Construction Machinery,3.23E+11,36.7532,4.779,26.019,0.4353,0.1314,206.67,0.86,0.18,buy,730.3292,1.436,0.871,2.04,7453000000,12043000000
CBOE,"Cboe Global Markets, Inc.",Financial Services,Financial Data & Stock Exchanges,31416008704,28.8329,6.6641,18.681,0.2336,0.2333,30.958,0.94,0.087,hold,282.0769,1.872,1.133,3.31,1681600000,1618900000
CBRE,CBRE Group Inc,Real Estate,Real Estate Services,40643760128,35.474,1.0023,22.563,0.1357,0.0285,106.244,0,0.118,buy,181.5833,1.095,0.875,3.01,1193000000,1294000000
CDW,CDW Corporation,Technology,Information Technology Services,16168099840,15.3694,0.721,10.974,0.4302,0.0476,236.871,2.03,0.063,buy,167.4,1.176,1.058,2.44,1088100000,1654800000
COR,"Cencora, Inc.",Healthcare,Medical Distribution,69775237120,43.0078,0.2142,15.767,1.3347,0.005,472.584,0.67,0.055,buy,408.4616,0.916,0.469,7.82,3207139000,2678089000
CNC,Centene Corporation,Healthcare,Healthcare Plans,21360074752,,0.1213,7.506,-0.2868,-0.0379,90.556,0,0.232,hold,44.7647,1.1,1.045,,4321000000,-6050000000
CNP,"CenterPoint Energy, Inc (Holdin",Utilities,Utilities - Regulated Electric,28523956224,27.3062,3.0484,14.147,0.0964,0.1124,206.599,2.12,0.107,buy,43.9375,0.911,0.318,2.55,-2384000000,2150000000
CF,"CF Industries Holdings, Inc.",Basic Materials,Agricultural Inputs,18403446784,13.1538,2.5979,6.671,0.234,0.2054,46.765,1.81,0.228,hold,97.7368,3.365,2.785,0.58,1801000000,2384000000
CRL,Charles River Laboratories Inte,Healthcare,Diagnostics & Research,8681076736,,2.162,12.994,-0.0423,-0.036,81.947,0,-0.008,buy,197.2,1.292,0.824,,518494000,7526000
SCHW,Charles Schwab Corporation (The,Financial Services,Capital Markets,1.68E+11,20.3591,7.0324,,0.181,0.37,115.32,1.34,0.189,buy,121,0.63,0.63,1.08,8763000000,
CHTR,"Charter Communications, Inc.",Communication Services,Telecom Services,30033326080,6.4075,0.5483,5.988,0.2867,0.0911,482.329,0,-0.023,hold,275.5333,0.387,0.312,,4418000000,12500000000
CVX,Chevron Corporation,Energy,Oil & Gas Integrated,3.80E+11,28.635,2.0556,11.296,0.0723,0.0666,24.323,3.75,-0.082,buy,185.9167,1.155,0.724,,16592000000,20960000000
CMG,"Chipotle Mexican Grill, Inc.",Consumer Cyclical,Restaurants,46921035776,31.1272,3.9345,21.955,0.4736,0.1288,179.319,0,0.049,buy,44.5143,1.235,1.092,6.35,1447590000,2012808000
CB,Chubb Limited,Financial Services,Insurance - Property & Casualty,1.28E+11,12.6794,2.1483,11.555,0.1434,0.1729,30.944,1.17,0.055,buy,337.6956,0.38,0.179,2.31,,12196000000
CHD,"Church & Dwight Company, Inc.",Consumer Defensive,Household & Personal Products,24021413888,33.1242,3.8724,18.525,0.1762,0.1188,59.517,1.23,0.039,buy,103.579,1.066,0.669,8.49,1093000000,1052100000
CIEN,Ciena Corporation,Technology,Communication Equipment,42659012608,358.994,8.3249,74.706,0.082,0.0447,56.715,0,0.331,buy,290.3125,2.814,1.802,10.85,665292000,248051000
CI,The Cigna Group,Healthcare,Healthcare Plans,72803811328,12.2823,0.2648,8.053,0.1513,0.0217,75.137,2.22,0.104,buy,336.6729,0.849,0.668,1.18,8389000000,9189000000
CINF,Cincinnati Financial Corporatio,Financial Services,Insurance - Property & Casualty,25627600896,10.828,2.0289,7.87,0.1604,0.1894,5.568,2.13,0.218,buy,173.6667,0.639,0.533,0.5,3092000000,3033000000
CTAS,Cintas Corporation,Industrials,Specialty Business Services,81163001856,43.7154,7.5186,29.774,0.434,0.1758,72.656,0.88,0.093,hold,216.6842,1.705,0.812,4.7,1757021000,2365310000
CSCO,"Cisco Systems, Inc.",Technology,Communication Equipment,3.11E+11,28.3561,5.2742,20.379,0.2375,0.1876,66.509,2.1,0.097,none,88.8086,0.955,0.737,2.92,13288000000,12693000000
C,"Citigroup, Inc.",Financial Services,Banks - Diversified,1.85E+11,15.1488,2.4464,,0.0683,0.1889,,2.2,0.044,buy,134.7727,,,3.44,-74152000000,
CFG,"Citizens Financial Group, Inc.",Financial Services,Banks - Regional,24884430848,15.0104,3.2576,,0.0724,0.2397,,3.09,0.107,buy,73.05,,,1.4,2037000000,
CLX,Clorox Company (The),Consumer Defensive,Household & Personal Products,13962483712,18.734,2.0661,13.76,9.8718,0.1117,9191.429,4.36,-0.008,hold,123.4706,0.736,0.383,,761000000,1166000000
CME,CME Group Inc.,Financial Services,Financial Data & Stock Exchanges,1.14E+11,28.4471,17.525,24.582,0.1475,0.6258,13.078,1.64,0.08,hold,303.1428,1.032,0.032,3.56,4193600000,5503900000
CMS,CMS Energy Corporation,Utilities,Utilities - Regulated Electric,23671013376,21.8839,2.7721,14.197,0.1086,0.1254,194.861,2.95,0.123,buy,79.1538,0.979,0.516,1.78,-1803000000,2046000000
KO,Coca-Cola Company (The),Consumer Defensive,Beverages - Non-Alcoholic,3.31E+11,25.3043,6.9023,22.733,0.4332,0.2734,139.793,2.67,0.024,buy,83.3644,1.459,0.885,10.54,5296000000,17652000000
CTSH,Cognizant Technology Solutions ,Technology,Information Technology Services,31719526400,14.4123,1.5027,8.012,0.1516,0.1056,7.819,2.01,0.049,buy,89.6352,2.137,1.736,2.94,2595000000,3516000000
COIN,"Coinbase Global, Inc. - 3",Financial Services,Financial Data & Stock Exchanges,53045694464,44.3052,7.7063,30.27,0.1006,0.1831,53.119,0,-0.222,buy,251.1048,2.343,1.375,,,1607478000
CL,Colgate-Palmolive Company,Consumer Defensive,Household & Personal Products,74391674880,35.289,3.6499,16.793,4.9747,0.1046,2343.562,2.24,0.058,buy,97.2105,0.833,0.448,6.08,3634000000,3326000000
CMCSA,Comcast Corporation,Communication Services,Telecom Services,1.15E+11,5.8469,0.9283,5.686,0.2141,0.1617,107.863,4.18,0.012,hold,33.0114,0.882,0.697,4.87,19235000000,30175000000
FIX,"Comfort Systems USA, Inc.",Industrials,Engineering & Construction,46049300480,45.253,5.0595,32.183,0.4924,0.1123,19.739,0.17,0.417,strong_buy,1696.2,1.211,1.156,1.09,1031453000,1300434000
CAG,"ConAgra Brands, Inc.",Consumer Defensive,Packaged Foods,9036398592,,0.8043,9.095,-0.0116,-0.0087,94.229,7.52,-0.068,hold,19.1059,0.891,0.244,,1302600000,1575400000
COP,ConocoPhillips,Energy,Oil & Gas E&P,1.44E+11,18.5024,2.3862,6.631,0.1236,0.1325,37.828,2.88,-0.068,buy,117.037,1.297,1.069,,7243000000,13889000000
ED,"Consolidated Edison, Inc.",Utilities,Utilities - Regulated Electric,40480354304,19.8652,2.3927,11.083,0.0877,0.1196,117.317,3.1,0.089,hold,110.25,1.021,0.83,2.23,36000000,3830000000
STZ,"Constellation Brands, Inc.",Consumer Defensive,Beverages - Brewers,25476028416,23.0086,2.7151,10.247,0.1445,0.1183,133.293,2.77,-0.098,buy,170.7273,1.339,0.396,,1938100000,328600000
CEG,Constellation Energy Corporatio,Utilities,Utilities - Independent Power Producers,1.17E+11,43.7058,4.5915,22.443,0.1636,0.0908,63.94,0.51,0.129,buy,393.9345,1.526,1.095,3.39,1288000000,4022000000
COO,"The Cooper Companies, Inc.",Healthcare,Medical Instruments & Supplies,15044253696,41.0508,3.6235,16.526,0.0487,0.0967,29.886,0,0.062,buy,90.8125,1.337,0.584,6.62,433700000,666500000
CPRT,"Copart, Inc.",Industrials,Specialty Business Services,36024778752,23.4057,7.8085,16.275,0.1713,0.3376,0.98,0,-0.036,buy,42.6667,10.061,9.716,,1230760000,1696714000
GLW,Corning Incorporated,Technology,Electronic Components,1.07E+11,68.3361,6.8648,33.765,0.149,0.1021,76.192,0.83,0.204,buy,126.4615,1.588,0.765,3.35,1413000000,2388000000
CPAY,"Corpay, Inc.",Technology,Software - Infrastructure,21778642944,20.7264,4.8093,12.447,0.2907,0.2362,243.348,0,0.207,buy,384.7143,0.977,0.447,1,1299145000,1945527000
CTVA,"Corteva, Inc.",Basic Materials,Agricultural Inputs,51713765376,43.7314,2.9719,13.218,0.0497,0.0629,12.282,0.94,-0.017,buy,83.2381,1.43,0.902,,2815000000,1868000000
CSGP,"CoStar Group, Inc.",Real Estate,Real Estate Services,20449449984,2412.5,6.298,96.077,0.0009,0.0022,13.666,0,0.269,buy,65.421,2.84,2.536,89.68,41000000,-72000000
COST,Costco Wholesale Corporation,Consumer Defensive,Discount Stores,4.43E+11,53.4713,1.5807,32.543,0.3032,0.0296,26.968,0.53,0.083,buy,1056.625,1.038,0.488,6.44,7837000000,10972000000
CTRA,Coterra Energy Inc.,Energy,Oil & Gas E&P,23829774336,14.0112,3.4086,5.702,0.1228,0.2456,26.984,2.83,0.234,buy,33.2174,1.188,0.978,0.6,1634000000,2483000000
CRH,CRH PLC,Basic Materials,Building Materials,70893961216,19.2051,1.8932,12.177,0.1568,0.1002,77.341,1.35,0.062,buy,142.1333,1.743,1.091,3.1,2912000000,5615000000
CRWD,"CrowdStrike Holdings, Inc.",Technology,Software - Infrastructure,1.08E+11,,22.5209,-2222.577,-0.0414,-0.0338,18.336,0,0.233,buy,493.8525,1.773,1.592,,1067906000,80845000
CCI,Crown Castle Inc.,Real Estate,REIT - Specialty,39490535424,35.9365,9.2614,24.77,,0.1041,,4.72,-0.043,buy,99.0737,0.255,0.098,,2875000000,2060000000
CSX,CSX Corporation,Industrials,Railroads,74372972544,25.9708,5.2777,14.844,0.2251,0.205,148.222,1.36,-0.009,buy,40.6042,0.814,0.63,,1711000000,4613000000
CMI,Cummins Inc.,Industrials,Specialty Industrial Machinery,74857349120,26.4033,2.2233,15.875,0.2393,0.0844,60.516,1.41,0.011,buy,615.3389,1.761,1.019,24,2386000000,4292000000
CVS,CVS Health Corporation,Healthcare,Healthcare Plans,99512352768,56.2734,0.2489,11.599,0.0229,0.0044,106.06,3.38,0.084,buy,96.3846,0.842,0.568,6.7,7807000000,5255000000
DHR,Danaher Corporation,Healthcare,Diagnostics & Research,1.39E+11,38.9503,5.6392,20.157,0.0705,0.1471,37.487,0.79,0.046,strong_buy,264.9091,1.874,1.398,8.47,5260000000,4498000000
DRI,"Darden Restaurants, Inc.",Consumer Cyclical,Restaurants,23321491456,20.9953,1.8544,16.032,0.541,0.0892,401.269,2.91,0.073,buy,222.3793,0.394,0.131,2.88,1026600000,1365700000
DDOG,"Datadog, Inc.",Technology,Software - Application,44218331136,404.5645,12.9023,5305.536,0.0334,0.0314,34.269,0,0.292,strong_buy,182.4307,3.382,3.278,13.85,914717000,138080000
DVA,DaVita Inc.,Healthcare,Medical Care Facilities,10045399040,15.8013,0.7363,8.723,0.6485,0.0547,1111.353,0,0.099,hold,151.7143,1.292,1.165,1.6,1310636000,1926749000
DECK,Deckers Outdoor Corporation,Consumer Cyclical,Footwear & Accessories,15150175232,14.7656,2.8188,9.947,0.3969,0.1935,13.14,0,0.071,buy,128.5238,2.856,2.122,2.08,958352000,1246816000
DE,Deere & Company,Industrials,Farm & Heavy Construction Machinery,1.57E+11,32.8677,3.3664,25.327,0.1957,0.103,239.633,1.1,0.13,buy,665.7859,2.253,1.993,2.53,3231000000,9427000000
DELL,Dell Technologies Inc.,Technology,Computer Hardware,98519425024,16.955,0.8677,13.541,,0.0523,,1.72,0.395,buy,165.4783,0.91,0.594,0.43,1869000000,6462000000
DAL,"Delta Air Lines, Inc.",Industrials,Airlines,38384492544,7.6723,0.6058,7.32,0.2769,0.079,102.498,1.22,0.029,strong_buy,81.808,0.397,0.259,2.65,3843000000,6864000000
DVN,Devon Energy Corporation,Energy,Oil & Gas E&P,27763030016,10.7338,1.7311,4.669,0.1774,0.1647,55.951,2.16,-0.121,buy,49.3704,0.98,0.777,,,
DXCM,"DexCom, Inc.",Healthcare,Medical Devices,26601060352,32.634,5.7059,22.863,0.345,0.1794,50.852,0,0.131,strong_buy,85.8462,1.883,1.535,2.49,1077200000,1106700000
FANG,"Diamondback Energy, Inc.",Energy,Oil & Gas E&P,51980038144,31.6606,3.6362,6.835,0.0374,0.1164,33.784,2.35,-0.094,strong_buy,187.8667,0.416,0.324,,-703000000,2139000000
DLR,"Digital Realty Trust, Inc.",Real Estate,REIT - Specialty,62842335232,50.1815,10.3347,29.219,0.0547,0.2152,81.655,2.71,0.171,buy,195.9655,1.3,1.223,2.93,,1783152000
DG,Dollar General Corporation,Consumer Defensive,Discount Stores,32110940160,25.1952,0.7624,15.098,0.1645,0.0303,201.663,1.61,0.046,buy,147.4643,1.171,0.183,5.48,1686176000,1714074000
DLTR,"Dollar Tree, Inc.",Consumer Defensive,Discount Stores,23505254400,21.7845,1.2397,14.074,0.2007,-0.154,221.055,0,0.094,hold,125.3478,0.959,0.153,2.32,1562000000,1491100000
D,"Dominion Energy, Inc.",Utilities,Utilities - Regulated Electric,55468945408,18.1902,3.3605,13.633,0.0974,0.1816,150.094,4.24,0.204,hold,65.25,0.773,0.352,0.89,-7280000000,5633000000
DPZ,Domino's Pizza Inc,Consumer Cyclical,Restaurants,13739421696,23.2665,2.7813,19.479,,0.1218,,1.98,0.031,buy,478.5807,1.651,0.815,7.51,671504000,966310000
DASH,"DoorDash, Inc.",Consumer Cyclical,Internet Retail,77912195072,84.1995,5.68,63.633,0.1044,0.0682,32.749,0,0.377,buy,258.0048,1.406,1.121,2.23,1826000000,725000000
DOV,Dover Corporation,Industrials,Specialty Industrial Machinery,28533354496,26.0702,3.5259,16.982,0.1529,0.1352,48.404,0.96,0.088,buy,230.707,1.79,1.225,2.96,1113312000,1484024000
DOW,Dow Inc.,Basic Materials,Chemicals,24201707520,,0.6055,15.184,-0.1382,-0.0656,111.871,5.19,-0.091,hold,30.7059,1.967,1.023,,-1447000000,-1646000000
DHI,"D.R. Horton, Inc.",Consumer Cyclical,Residential Construction,42707243008,13.3494,1.2739,10.544,0.1348,0.0995,22.872,1.2,-0.095,hold,160.1333,6.332,0.554,,3283500000,4424200000
DTE,DTE Energy Company,Utilities,Utilities - Regulated Electric,31082766336,21.277,1.9655,15.752,0.1218,0.0924,213.601,3.03,0.289,buy,151.5,0.804,0.436,0.74,-1020000000,2606000000
DUK,Duke Energy Corporation (Holdin,Utilities,Utilities - Regulated Electric,1.03E+11,20.9619,3.2305,11.999,0.0972,0.1563,171.838,3.24,0.08,buy,137.4118,0.552,0.213,2.62,-1694000000,9346000000
DD,"DuPont de Nemours, Inc.",Basic Materials,Specialty Chemicals,18954024960,215.4238,2.7675,14.568,0.0052,-0.1137,24.484,1.71,,strong_buy,56.125,2.419,0.941,,172000000,513000000
ETN,"Eaton Corporation, PLC",Industrials,Specialty Industrial Machinery,1.36E+11,33.4503,4.9673,23.383,0.2153,0.1489,54.877,1.24,0.131,buy,408.4481,1.319,0.742,2.55,3519000000,4696000000
EBAY,eBay Inc.,Consumer Cyclical,Internet Retail,41789661184,21.703,3.7648,16.929,0.4085,0.183,155.623,1.33,0.15,hold,98.9,1.097,0.976,1.45,1434000000,2553000000
ECL,Ecolab Inc.,Basic Materials,Specialty Chemicals,79907856384,38.7003,4.969,22.324,0.2252,0.1291,103.915,0.96,0.178,buy,321.8572,1.076,0.767,2.17,1904300000,2854100000
EIX,Edison International,Utilities,Utilities - Regulated Electric,27574118400,6.2043,1.4275,8.606,0.241,0.2308,215.738,4.93,0.308,buy,73.2308,0.729,0.271,0.2,-715000000,7531000000
EW,Edwards Lifesciences Corporatio,Healthcare,Medical Devices,47163863040,44.8646,7.7731,25.189,0.1035,0.1769,6.824,0,0.133,buy,96.4643,3.716,2.833,3.37,1335000000,1293300000
EA,Electronic Arts Inc.,Communication Services,Electronic Gaming & Multimedia,49656594432,74.3165,6.7967,36.865,0.1003,0.0931,36.443,0.38,0.01,hold,205.5882,0.926,0.84,74.32,1858000000,1663000000
ELV,"Elevance Health, Inc.",Healthcare,Healthcare Plans,63419400192,11.3982,0.3185,6.638,0.1325,0.0284,74.388,2.4,0.095,buy,387.85,1.535,1.412,1.2,3174000000,8112000000
EME,"EMCOR Group, Inc.",Industrials,Engineering & Construction,31696244736,25.1169,1.866,17.778,0.3849,0.0749,12.913,0.22,0.197,buy,865.3333,1.22,1.173,1.27,1332944000,1381161000
EMR,Emerson Electric Company,Industrials,Specialty Industrial Machinery,77901324288,33.9559,4.2834,15.695,0.0965,0.1272,69.283,1.56,0.041,buy,166.6578,0.841,0.571,8.28,2667000000,3321000000
ETR,Entergy Corporation,Utilities,Utilities - Regulated Electric,47738335232,26.9527,3.6873,13.89,0.1077,0.1358,181.79,2.35,0.079,buy,107.3736,0.742,0.435,3.41,-2790700000,3607931000
EOG,"EOG Resources, Inc.",Energy,Oil & Gas E&P,71658266624,14.4808,3.1632,6.485,0.1683,0.2198,30.62,3.11,0,buy,134.3793,1.632,1.295,,3450000000,6597000000
EPAM,"EPAM Systems, Inc.",Technology,Information Technology Services,8077023744,21.7574,1.4801,9.439,0.1034,0.0692,3.907,0,0.128,buy,192.8824,2.594,2.483,1.7,612691000,520003000
EQT,EQT Corporation,Energy,Oil & Gas E&P,38870417408,18.8112,4.7515,8.194,0.0901,0.2493,28.932,1.07,0.269,buy,65.7778,0.763,0.642,0.7,2837527000,3416237000
EFX,"Equifax, Inc.",Industrials,Consulting Services,25343522816,38.922,4.1721,16.096,0.1376,0.1087,110.637,1,0.092,buy,237.6,0.605,0.511,4.23,1134300000,1107200000
EQIX,"Equinix, Inc.",Real Estate,REIT - Specialty,92545581056,68.6511,9.9941,28.158,0.0972,0.1458,160.291,2.02,0.081,buy,1027.1482,1.316,0.809,8.48,-400000000,2035000000
EQR,Equity Residential,Real Estate,REIT - Residential,24485130240,21.3106,7.9139,17.339,0.1002,0.362,74.323,4.39,0.02,buy,70,0.107,0.045,10.66,1289704000,1479327000
ERIE,Erie Indemnity Company,Financial Services,Insurance Brokers,13770536960,24.6582,3.3857,17.077,0.2619,0.1375,2.712,2.17,0.029,strong_buy,,1.268,1.163,8.5,570965000,
ESS,"Essex Property Trust, Inc.",Real Estate,REIT - Residential,17516951552,24.3377,9.0506,18.814,0.1224,0.346,119.433,3.99,0.032,hold,279.6087,0.154,0.055,7.61,934075000,961177000
EL,"Estee Lauder Companies, Inc. (T",Consumer Defensive,Household & Personal Products,33606250496,,2.2907,18.588,-0.0434,-0.0121,232.945,1.46,0.056,buy,109.6956,1.358,0.899,,670000000,-683000000
EG,"Everest Group, Ltd.",Financial Services,Insurance - Reinsurance,13388124160,8.7667,0.7632,,0.1085,0.0907,24.481,2.4,-0.029,none,364.5333,1.124,0.717,,,2038000000
EVRG,"Evergy, Inc.",Utilities,Utilities - Regulated Electric,19210088448,22.7923,3.2223,12.589,0.0857,0.1435,149.917,3.35,0.066,buy,86.8636,0.491,0.066,3.45,-751700000,1507300000
ES,Eversource Energy (D/B/A),Utilities,Utilities - Regulated Electric,27960717312,16.3297,2.0639,12.35,0.1078,0.1249,184.946,4.26,0.134,buy,75.3846,0.65,0.289,1.22,-45097000,3083443000
EXC,Exelon Corporation,Utilities,Utilities - Regulated Electric,50249601024,17.9945,2.0715,12.221,0.0994,0.1141,174.488,3.44,-0.011,hold,50.4375,0.924,0.607,,-2275000000,5418000000
EXE,Expand Energy Corporation,Energy,Oil & Gas E&P,25850023936,14.2048,2.221,5.367,0.1007,0.1563,27.495,2.99,0.383,strong_buy,130.8214,1.005,0.792,0.37,1644000000,2517000000
EXPE,"Expedia Group, Inc.",Consumer Cyclical,Travel Services,30507507712,25.3792,2.0707,14.272,0.4867,0.0878,254.692,0.67,0.114,buy,280.8529,0.732,0.597,2.23,3110000000,1890000000
EXPD,Expeditors International of Was,Industrials,Integrated Freight & Logistics,19427674112,24.3222,1.7551,16.989,0.3543,0.0732,24.197,1.05,-0.033,hold,138.9333,1.812,1.609,,953400000,1052546000
EXR,Extra Space Storage Inc,Real Estate,REIT - Industrial,32490319872,31.9434,9.4274,20.287,0.0701,0.2826,98.679,4.39,0.046,buy,151.8,0.758,0.116,6.94,1829054000,1699229000
XOM,Exxon Mobil Corporation,Energy,Oil & Gas Integrated,6.32E+11,22.6577,1.9499,11.37,0.1108,0.089,18.936,2.73,-0.013,buy,144.25,1.153,0.764,,23612000000,41871000000
FFIV,"F5, Inc.",Technology,Software - Infrastructure,16069584896,23.4156,5.1111,17.09,0.2084,0.2246,7.566,0,0.073,none,310.3,1.554,1.363,3.21,906406000,791433000
FDS,FactSet Research Systems Inc.,Financial Services,Financial Data & Stock Exchanges,8395724288,14.2726,3.5565,10.429,0.2883,0.254,71.961,1.96,0.068,hold,300.2353,1.544,1.268,2.1,617454000,777282000
FICO,Fair Isaac Corporation,Technology,Software - Application,34970931200,54.6199,16.9526,37.828,,0.3189,,0,0.164,buy,1971.2942,0.929,0.874,3.33,739400000,936242000
FAST,Fastenal Company,Industrials,Industrial Distribution,53091807232,42.422,6.4735,29.688,0.3329,0.1534,11.205,1.9,0.111,hold,44.8385,4.852,2.127,3.82,1050600000,1661200000
FRT,Federal Realty Investment Trust,Real Estate,REIT - Retail,9352396800,23.0214,7.3015,18.054,0.1224,0.3209,143.64,4.13,0.075,buy,115.1053,0.371,0.36,3.07,331040000,607262000
FDX,FedEx Corporation,Industrials,Integrated Freight & Logistics,83565985792,19.5993,0.9276,,0.1589,0.0481,,1.55,0.139,buy,377.5,1.274,1.167,1.41,2981000000,6230000000
FIS,Fidelity National Information S,Technology,Information Technology Services,26301640704,69.5753,2.4634,12.346,0.026,0.0358,95.893,3.24,0.082,buy,66.6667,0.589,0.442,8.48,1827000000,1567000000
FITB,Fifth Third Bancorp,Financial Services,Banks - Regional,42583896064,13.3768,5.0968,,0.1219,0.3019,,3.29,0.116,buy,57.675,,,1.15,3805000000,
FSLR,"First Solar, Inc.",Technology,Solar,20321482752,13.3265,3.8935,8.646,0.1745,0.2928,6.871,0,0.111,buy,258.2747,2.675,2.117,1.2,1187230000,1625044000
FE,FirstEnergy Corp.,Utilities,Utilities - Regulated Electric,29361879040,28.8665,1.9705,11.395,0.092,0.0684,192.755,3.7,0.207,buy,51.6154,0.565,0.394,1.39,-1005000000,2591000000
F,Ford Motor Company,Consumer Cyclical,Auto Manufacturers,48312545280,,0.258,34.594,-0.2019,-0.0437,460.639,4.86,-0.048,hold,14.1385,1.075,0.897,,12467000000,-10497000000
FTNT,"Fortinet, Inc.",Technology,Software - Infrastructure,62250782720,34.5909,9.1551,26.925,1.3572,0.2726,85.802,0,0.148,hold,89.0588,1.172,1.048,2.34,2225800000,2302300000
FTV,Fortive Corporation,Technology,Scientific & Technical Instruments,17948233728,35.5409,4.3154,17.962,0.064,0.1393,51.177,0.45,0.046,hold,62.1875,0.715,0.539,7.73,1406400000,
FOXA,Fox Corporation,Communication Services,Entertainment,25334462464,14.2818,1.5282,8.672,0.1682,0.1141,67.389,0.95,0.02,buy,71.7647,2.784,2.307,7.14,2993000000,3464000000
FOX,Fox Corporation,Communication Services,Entertainment,25343164416,13.018,1.5287,8.047,0.1682,0.1141,67.389,1.05,0.02,none,,2.784,2.307,6.51,2993000000,3464000000
BEN,"Franklin Resources, Inc.",Financial Services,Asset Management,13584834560,24.125,1.5357,10.069,0.0446,0.0697,24.587,4.9,0.034,hold,27.3636,5.564,1.316,7.1,911600000,881700000
FCX,"Freeport-McMoRan, Inc.",Basic Materials,Copper,84960182272,38.8914,3.2784,11.932,0.1395,0.085,34.103,0.96,-0.015,buy,66.47,2.291,0.912,,1116000000,6741000000
GRMN,Garmin Ltd.,Technology,Scientific & Technical Instruments,46732419072,28.2314,6.4498,21.157,0.1978,0.2296,2.184,1.75,0.166,hold,260.25,3.633,2.331,1.7,1362913000,1876076000
IT,"Gartner, Inc.",Technology,Information Technology Services,12177433600,17.5259,1.8743,10.432,0.8686,0.1122,1046.535,0,0.022,none,190.4615,0.999,0.847,7.97,1175223000,1093395000
GE,GE Aerospace,Industrials,Aerospace & Defense,3.39E+11,39.9441,7.3875,32.957,0.4469,0.1898,114.07,0.57,0.176,strong_buy,362.8333,1.041,0.69,2.27,7264000000,10843000000
GEHC,GE HealthCare Technologies Inc.,Healthcare,Medical Devices,34208575488,16.4967,1.6586,11.349,0.2238,0.101,98.717,0.18,0.071,buy,93.25,1.373,1.015,2.32,1505000000,3208000000
GEV,GE Vernova Inc.,Industrials,Specialty Industrial Machinery,2.19E+11,45.5967,5.7489,71.135,0.4264,0.1283,9.727,0.18,0.038,buy,839.816,0.982,0.642,12,3710000000,1389000000
GEN,Gen Digital Inc.,Technology,Software - Infrastructure,13937783808,23.299,2.9485,10.706,0.269,0.1276,363.379,2.21,0.258,buy,31.1882,0.466,0.363,0.9,1206000000,1607000000
GNRC,Generac Holdlings Inc.,Industrials,Specialty Industrial Machinery,12059576320,76.394,2.8651,28.695,0.0628,0.0379,52.479,0,-0.116,buy,241.6471,2.026,0.777,,268128000,269757000
GD,General Dynamics Corporation,Industrials,Aerospace & Defense,98155544576,23.5113,1.8679,16.526,0.1766,0.0801,38.205,1.66,0.078,buy,394.5275,1.444,0.781,3.01,3959000000,5505000000
GIS,"General Mills, Inc.",Consumer Defensive,Packaged Foods,23501621248,9.472,1.2516,10.246,0.2717,0.1351,147.23,5.6,-0.072,hold,48.1579,0.657,0.334,,2292900000,3383800000
GM,General Motors Company,Consumer Cyclical,Auto Manufacturers,69764038656,22.87,0.3771,9.918,0.0432,0.0146,208.299,0.94,-0.051,buy,95.04,1.165,0.921,,1771000000,3844000000
GPC,Genuine Parts Company,Consumer Cyclical,Auto Parts,16021355520,245.0426,0.6593,11.214,0.015,0.0027,156.063,3.63,0.041,buy,143.5,1.079,0.384,59.77,420924000,215674000
GILD,"Gilead Sciences, Inc.",Healthcare,Drug Manufacturers - General,1.79E+11,21.2419,6.0724,13.447,0.4066,0.289,112.923,2.26,0.047,buy,156.5926,1.553,1.23,4.52,9456000000,10820000000
GPN,Global Payments Inc.,Industrials,Specialty Business Services,21077884928,16.9921,2.7353,10.659,0.0482,0.1817,93.316,1.28,0,buy,101.8462,1.69,1.223,,2038823000,1909762000
GL,Globe Life Inc.,Financial Services,Insurance - Life,11538144256,10.1309,1.9248,8.544,0.2059,0.1937,51.258,0.92,0.036,buy,172.1,0.76,0.622,2.81,1253907000,1577196000
GDDY,GoDaddy Inc.,Technology,Software - Infrastructure,12601954304,14.992,2.5453,12.073,1.929,0.1767,1795.723,0,0.068,buy,119.4286,0.615,0.405,2.2,1575500000,1171000000
GS,"Goldman Sachs Group, Inc. (The)",Financial Services,Capital Markets,2.46E+11,15.9756,4.1384,,0.1386,0.2892,596.073,2.15,0.152,hold,959.2,1.528,1.376,1.05,-47218000000,
HAL,Halliburton Company,Energy,Oil & Gas Equipment & Services,28644761600,22.69,1.2912,8.436,0.1227,0.0578,79.162,1.99,0.008,buy,36.4992,2.04,1.279,28.36,1672000000,2123000000
HIG,"The Hartford Insurance Group, I",Financial Services,Insurance - Diversified,38538440704,10.3661,1.3581,7.44,0.2166,0.1352,23.937,1.72,0.067,buy,150.85,1.84,1.076,1.55,5753000000,4959000000
HAS,"Hasbro, Inc.",Consumer Cyclical,Leisure,13234309120,,2.815,13.298,-0.3636,-0.0686,600.584,2.94,0.313,strong_buy,114.5,1.381,1.198,,694900000,61400000
HCA,"HCA Healthcare, Inc.",Healthcare,Medical Care Facilities,1.19E+11,18.7819,1.5739,10.998,,0.0897,,0.58,0.067,buy,541.5238,0.965,0.735,2.8,7692000000,12080000000
DOC,"Healthpeak Properties, Inc.",Real Estate,REIT - Healthcare Facilities,12048586752,173.35,4.2687,14.509,0.0116,0.0253,122.183,7.01,0.031,buy,19.875,1.218,0.669,55.92,,589472000
HSIC,"Henry Schein, Inc.",Healthcare,Medical Distribution,9207257088,23.9174,0.6984,13.712,0.087,0.0302,71.736,0,0.077,buy,89.7857,1.383,0.56,3.11,521000000,683000000
HSY,The Hershey Company,Consumer Defensive,Confectioners,45645918208,51.746,3.9038,25.689,0.1889,0.0755,123.763,2.56,0.07,hold,229.6522,1.192,0.55,7.39,1749148000,1439014000
HPE,Hewlett Packard Enterprise Comp,Technology,Communication Equipment,28512299008,,0.8314,10.632,0.0023,0.0017,97.265,2.65,0.144,buy,26.0095,1.014,0.604,,627000000,1644000000
HLT,Hilton Worldwide Holdings Inc.,Consumer Cyclical,Lodging,68905410560,48.4395,13.909,29.037,,0.2941,,0.2,0.07,buy,328.28,0.665,0.579,6.92,1944000000,2692000000
HOLX,"Hologic, Inc.",Healthcare,Medical Instruments & Supplies,16906338304,31.4232,4.097,12.634,0.1086,0.1318,48.051,0,0.025,hold,76.6,4.04,3.102,12.57,904700000,798300000
HD,"Home Depot, Inc. (The)",Consumer Cyclical,Home Improvement Retail,3.56E+11,25.171,2.1622,16.917,1.4554,0.086,510.029,2.58,-0.038,buy,410.2727,1.061,0.215,,16325000000,
HON,Honeywell International Inc.,Industrials,Conglomerates,1.59E+11,31.0317,4.2334,20.7,0.2614,0.1263,236.613,2,-0.033,buy,251.0196,1.298,0.878,,4933000000,8271000000
HRL,Hormel Foods Corporation,Consumer Defensive,Packaged Foods,13369155584,27.2978,1.1008,12.613,0.0612,0.0403,35.929,4.84,0.013,buy,27.625,2.662,1.301,21,534349000,741487000
HST,"Host Hotels & Resorts, Inc.",Real Estate,REIT - Hotel & Motel,13275412480,17.3227,2.1649,11.42,0.1149,0.1248,83.779,4.01,0.128,buy,21.0526,2.361,2.261,1.35,866000000,1053000000
HWM,Howmet Aerospace Inc.,Industrials,Aerospace & Defense,1.01E+11,67.3342,12.1847,43.41,0.3044,0.1827,60.022,0.18,0.146,strong_buy,276.646,2.134,0.868,4.61,1431000000,1991000000
HPQ,HP Inc.,Technology,Computer Hardware,17620711424,7.2708,0.3134,5.715,,0.0446,,6.2,0.069,hold,19.9938,0.759,0.404,1.05,2800000000,3223000000
HUBB,Hubbell Inc,Industrials,Electrical Equipment & Parts,25364461568,28.8639,4.3398,19.361,0.2454,0.1518,64.473,1.19,0.119,buy,532.8461,1.719,0.93,2.43,874700000,1183200000
HUM,Humana Inc.,Healthcare,Healthcare Plans,21662654464,18.2737,0.1671,4.271,0.0704,0.0092,74.815,1.96,0.113,hold,223.875,2.003,1.534,1.62,375000000,2186000000
HBAN,Huntington Bancshares Incorpora,Financial Services,Banks - Regional,32862541824,11.6476,4.2723,,0.101,0.2874,,3.72,0.103,buy,20.6905,,,1.13,2215000000,
HII,"Huntington Ingalls Industries, ",Industrials,Aerospace & Defense,16877087744,27.9811,1.3519,16.58,0.1242,0.0485,58.762,1.31,0.157,buy,403,1.133,1.036,1.78,794000000,882000000
IBM,International Business Machines,Technology,Information Technology Services,2.40E+11,22.9699,3.5509,18.05,0.3516,0.1569,197.328,2.62,0.122,buy,321.9458,0.956,0.812,1.88,11455000000,12263000000
IEX,IDEX Corporation,Industrials,Specialty Industrial Machinery,14764052480,30.8203,4.2702,17.692,0.1234,0.1398,48.251,1.4,0.042,buy,225.0769,2.856,1.915,7.34,616800000,697000000
IDXX,"IDEXX Laboratories, Inc.",Healthcare,Diagnostics & Research,48408268800,46.4188,11.2481,33.269,0.662,0.2462,60.827,0,0.143,buy,750.2308,1.231,0.76,3.25,1043579000,1363041000
ITW,Illinois Tool Works Inc.,Industrials,Specialty Industrial Machinery,79365963776,26.2772,4.9468,19.287,0.9372,0.1911,285.524,2.28,0.041,hold,280.875,1.21,0.83,6.41,2707000000,4258000000
INCY,Incyte Corporation,Healthcare,Biotechnology,19043696640,14.9282,3.7041,11.005,0.2987,0.2503,1.063,0,0.278,buy,108.7727,3.316,3.039,0.54,1329631000,1666879000
IR,Ingersoll Rand Inc.,Industrials,Specialty Industrial Machinery,34188902400,59.6759,4.4686,19.542,0.0577,0.076,50.699,0.09,0.101,buy,102.0667,2.056,1.346,5.91,1220100000,1189200000
PODD,Insulet Corporation,Healthcare,Medical Devices,16597933056,67.9481,6.129,30.57,0.1812,0.0912,66.176,0,0.312,strong_buy,354.4,2.814,1.813,2.18,349900000,398900000
INTC,Intel Corporation,Technology,Semiconductors,2.22E+11,,4.2057,19.892,0.0002,-0.005,37.282,0,-0.041,hold,47.111,2.017,1.307,,-4949000000,2648000000
IBKR,"Interactive Brokers Group, Inc.",Financial Services,Capital Markets,1.14E+11,30.232,18.376,,0.2351,0.1585,124.331,0.47,0.152,buy,80.5556,1.106,1.106,1.99,15744000000,8990000000
ICE,Intercontinental Exchange Inc.,Financial Services,Financial Data & Stock Exchanges,94558412800,28.7418,9.5215,18.246,0.1188,0.3338,70.077,1.27,0.078,buy,196,1.02,0.028,3.68,3871000000,5149000000
IFF,International Flavors & Fragran,Basic Materials,Specialty Chemicals,18867855360,,1.7326,13.644,-0.0256,-0.0332,46.884,2.12,-0.066,buy,90.7059,1.422,0.659,,602000000,583000000
IP,International Paper Company,Consumer Cyclical,Packaging & Containers,20957839360,,0.8868,7.919,-0.2468,-0.1488,71.073,4.48,0.531,buy,46.87,1.279,0.65,,757000000,
INTU,Intuit Inc.,Technology,Software - Application,1.32E+11,30.8063,6.5442,,0.2346,0.2157,,0.99,0.41,buy,606.4741,1.323,0.479,0.75,6083000000,5081000000
ISRG,"Intuitive Surgical, Inc.",Healthcare,Medical Instruments & Supplies,1.73E+11,62.0943,17.1992,47.99,0.1669,0.2838,0.953,0,0.188,buy,609.8213,4.875,3.77,3.3,2490700000,2945500000
IVZ,Invesco Ltd,Financial Services,Asset Management,10310978560,,1.6169,12.071,-0.0122,-0.0442,17.161,3.4,0.062,none,30.1364,0.787,0.787,,1441000000,-296900000
INVH,Invitation Homes Inc.,Real Estate,REIT - Residential,16055010304,27.2813,5.9076,16.387,0.0609,0.2163,88.124,4.54,0.043,buy,31.5238,2.423,0.848,6.34,963478000,943236000
IQV,"IQVIA Holdings, Inc.",Healthcare,Diagnostics & Research,29938741248,22.4235,1.8356,15.174,0.2144,0.0834,245.928,0,0.103,buy,235.5238,0.749,0.668,2.18,2051000000,2320000000
IRM,Iron Mountain Incorporated (Del,Real Estate,REIT - Specialty,31388114944,216.5306,4.5479,21.921,,0.021,,3.22,0.166,buy,122.8182,0.739,0.612,13.04,-1007116000,1057650000
JBHT,"J.B. Hunt Transport Services, I",Industrials,Integrated Freight & Logistics,20232945664,34.7774,1.6862,14.633,0.1579,0.0499,48.26,0.8,-0.016,buy,211.1739,0.829,0.712,,947585000,869318000
JBL,Jabil Inc.,Technology,Electronic Components,26080825344,38.268,0.8383,12.455,0.4782,0.0226,255.828,0.13,0.187,none,264.5,0.989,0.493,2.05,1172000000,1039000000
JKHY,"Jack Henry & Associates, Inc.",Technology,Information Technology Services,12300133376,24.3824,4.9909,17.367,0.2428,0.2059,3.109,1.41,0.079,buy,203.2143,1.6,0.951,3.09,410338000,596474000
J,Jacobs Solutions Inc.,Industrials,Engineering & Construction,16111969280,36.0952,1.3004,14.456,0.0973,0.035,65.173,1.06,0.123,none,157.5333,1.33,1.289,2.93,607472000,689265000
JNJ,Johnson & Johnson,Healthcare,Drug Manufacturers - General,5.75E+11,21.6497,6.104,17.931,0.3503,0.2846,60.499,2.17,0.091,buy,235.2517,1.028,0.689,2.38,19313000000,33552000000
JCI,Johnson Controls International ,Industrials,Building Products & Equipment,81276264448,44.5604,3.3912,22.529,0.1264,0.1417,73.339,1.17,0.068,buy,142.7368,0.994,0.642,6.55,965000000,2196000000
JPM,JP Morgan Chase & Co.,Financial Services,Banks - Diversified,7.76E+11,14.3654,4.6105,,0.1613,0.3391,,2.04,0.025,buy,344.7826,,,5.75,,
KVUE,Kenvue Inc.,Consumer Defensive,Household & Personal Products,35124117504,24.1118,2.3224,13.134,0.1439,0.0972,80.576,4.55,0.032,hold,19.8333,0.958,0.579,7.53,1722000000,2429000000
KDP,Keurig Dr Pepper Inc.,Consumer Defensive,Beverages - Non-Alcoholic,38137757696,18.3464,2.297,12.614,0.0836,0.1252,75.384,3.28,0.105,buy,35.5714,0.635,0.325,1.75,1488000000,3441000000
KEY,KeyCorp,Financial Services,Banks - Regional,21575018496,13.0263,3.0791,,0.0948,0.261,,4.03,1.315,buy,24.5476,,,0.1,2101000000,
KEYS,Keysight Technologies Inc.,Technology,Scientific & Technical Instruments,47214936064,48.2996,8.3169,38.56,0.1722,0.1695,44.674,0,0.233,buy,298.6154,2.604,1.713,2.07,1281000000,1178000000
KMB,Kimberly-Clark Corporation,Consumer Defensive,Household & Personal Products,34609545216,21.4547,2.1043,13.052,1.266,0.1229,464.785,4.88,-0.006,hold,119.2143,0.745,0.374,,1639000000,2308000000
KIM,Kimco Realty Corporation (HC),Real Estate,REIT - Retail,15741376512,28.3476,7.3554,18.417,0.0554,0.2732,78.678,4.42,0.032,buy,24.4659,0.488,0.488,8.86,,823831000
KMI,"Kinder Morgan, Inc.",Energy,Oil & Gas Midstream,74697875456,24.5073,4.4103,15.16,0.0983,0.1804,99.71,3.5,0.131,buy,33.1905,0.637,0.412,1.87,2891000000,4724000000
KKR,KKR & Co. Inc.,Financial Services,Asset Management,84550295552,39.0192,3.2962,,0.0856,0.0924,68.611,0.77,0.763,buy,140.4016,0.847,0.799,0.51,6508342000,
KLAC,KLA Corporation,Technology,Semiconductor Equipment & Materials,1.81E+11,40.1423,14.1951,32.785,1.0073,0.3576,111.778,0.53,0.072,buy,1666.7,2.828,1.852,5.58,3741694000,4946614000
KHC,The Kraft Heinz Company,Consumer Defensive,Packaged Foods,28818266112,,1.1554,8.19,-0.1284,-0.2344,52.1,6.6,-0.034,hold,25.1316,1.154,0.675,,3661000000,-4498000000
KR,Kroger Company (The),Consumer Defensive,Grocery Stores,49429164032,66.0088,0.3347,9.406,0.144,0.0069,415.768,1.96,0.012,buy,74.0952,0.802,0.306,55.01,1777000000,3792000000
LHX,"L3Harris Technologies, Inc.",Industrials,Aerospace & Defense,68356591616,42.8417,3.1263,19.315,0.0819,0.0734,60.611,1.39,0.023,buy,388.1053,1.189,0.838,18.63,2682000000,2529000000
LH,Labcorp Holdings Inc.,Healthcare,Diagnostics & Research,22299271168,25.7161,1.5983,13.116,0.1051,0.0628,75.561,1.04,0.056,buy,307.5882,1.424,0.989,4.59,1206000000,1331600000
LRCX,Lam Research Corporation,Technology,Semiconductor Equipment & Materials,2.56E+11,41.9035,12.4665,36.275,0.6556,0.3022,44.195,0.48,0.221,buy,274.7419,2.256,1.557,1.9,5414078000,6136332000
LW,"Lamb Weston Holdings, Inc.",Consumer Defensive,Packaged Foods,6428329984,16.7138,0.993,8.287,0.2316,0.0606,224.846,3.33,0.011,buy,54.6364,1.433,0.588,15.19,230100000,665100000
LVS,Las Vegas Sands Corp.,Consumer Cyclical,Resorts & Casinos,36284755968,22.8362,2.7875,10.939,0.7326,0.125,829.059,1.9,0.26,buy,69.8737,1.144,1.086,0.88,1780000000,2959000000
LDOS,"Leidos Holdings, Inc.",Technology,Information Technology Services,22817673216,16.0202,1.3286,11.08,0.3103,0.0843,107.658,0.95,-0.036,buy,214,1.703,1.35,,1625000000,2112000000
LEN,Lennar Corporation,Consumer Cyclical,Residential Construction,25011113984,12.6898,0.7316,7.419,0.0841,0.0608,27.728,1.92,-0.058,hold,108.2143,5.823,2.59,,28183000,2750407000
LII,"Lennox International, Inc.",Industrials,Building Products & Equipment,18061606912,22.5965,3.4765,17.438,0.7583,0.1551,152.24,0.98,-0.112,hold,559.9375,1.597,0.515,,638800000,1043200000
LLY,Eli Lilly and Company,Healthcare,Drug Manufacturers - General,8.83E+11,43.0812,13.5531,28.873,1.0116,0.3167,165.31,0.63,0.426,buy,1214.3448,1.579,0.777,1.01,5964000000,29696000000
LIN,Linde plc,Basic Materials,Specialty Chemicals,2.25E+11,33.2712,6.6233,18.856,0.1782,0.203,70.63,1.31,0.058,buy,512.4308,0.877,0.692,5.74,5089000000,9361000000
LYV,"Live Nation Entertainment, Inc.",Communication Services,Entertainment,37197320192,,1.476,21.388,0.367,0.0197,572.032,0,0.111,strong_buy,181.2727,0.995,0.825,,304979000,1346560000
LMT,Lockheed Martin Corporation,Industrials,Aerospace & Defense,1.55E+11,31.2372,2.0688,20.441,0.7687,0.0669,338.804,2.06,0.091,hold,657.579,1.087,0.901,3.43,6908000000,7040000000
L,Loews Corporation,Financial Services,Insurance - Property & Casualty,22501093376,13.6441,1.2193,8.081,0.0943,0.0903,50.221,0.23,0.041,none,,0.513,0.319,3.33,2700000000,2720000000
LOW,"Lowe's Companies, Inc.",Consumer Cyclical,Home Improvement Retail,1.42E+11,21.3235,1.6413,15.082,,0.0771,,1.88,0.109,buy,287.4688,1.077,0.125,1.96,7698000000,10625000000
LULU,lululemon athletica inc.,Consumer Cyclical,Apparel Retail,20166086656,11.8337,1.8211,7.167,0.4102,0.1572,39.156,0,0.071,hold,208.3534,2.13,0.698,1.67,1583481000,2505697000
LYB,LyondellBasell Industries NV,Basic Materials,Specialty Chemicals,21804464128,,0.7231,14.97,-0.0695,-0.0247,144.156,7.29,-0.092,hold,54.3333,1.773,1.021,,384000000,-228000000
MTB,M&T Bank Corporation,Financial Services,Banks - Regional,32393406464,12.3982,3.5268,,0.098,0.3104,,2.78,0.047,buy,234.975,,,2.64,2860000000,
MPC,Marathon Petroleum Corporation,Energy,Oil & Gas Refining & Marketing,66185150464,16.6547,0.496,10.44,0.2419,0.0303,142.647,1.76,-0.005,buy,199.8333,1.259,0.711,,6132000000,
MAR,Marriott International,Consumer Cyclical,Lodging,85134237696,33.7479,3.2345,22.857,,0.0988,,0.8,0.042,buy,354.72,0.427,0.389,8.04,2608000000,4203000000
MRSH,Marsh,Financial Services,Insurance Brokers,89663275008,21.6848,3.3232,13.86,0.2935,0.1542,140.052,1.95,0.087,hold,207.25,1.102,0.517,2.49,5001000000,6499000000
MLM,"Martin Marietta Materials, Inc.",Basic Materials,Building Materials,36849455104,37.4146,5.9918,20.918,0.1016,0.1849,59.866,0.52,0.086,buy,702.625,3.568,0.883,4.35,978000000,1456000000
MAS,Masco Corporation,Industrials,Building Products & Equipment,12845571072,16.3446,1.6987,11.403,71.5,0.1071,4230.263,1.96,-0.019,none,80.3158,1.805,1.066,,866000000,1236000000
MA,Mastercard Incorporated,Financial Services,Credit Services,4.61E+11,31.2444,14.0562,23.211,2.0992,0.4565,256.042,0.66,0.176,strong_buy,662.8,1.035,0.681,1.78,16433000000,19300000000
MTCH,"Match Group, Inc.",Communication Services,Internet Content & Information,7134041088,12.6975,2.0458,9.826,,0.1759,,2.46,0.021,buy,36.4706,1.418,1.326,6.05,1023615000,893554000
MKC,"McCormick & Company, Incorporat",Consumer Defensive,Packaged Foods,17373323264,22.0887,2.5398,16.603,0.1424,0.1154,73.211,2.94,0.029,buy,73.8462,0.698,0.237,7.62,740400000,1109200000
MCD,McDonald's Corporation,Consumer Cyclical,Restaurants,2.32E+11,27.2117,8.6312,19.643,,0.3185,,2.27,0.097,buy,341.7188,0.955,0.743,2.81,6672000000,
MCK,McKesson Corporation,Healthcare,Medical Distribution,1.14E+11,26.7284,0.2872,20.421,,0.0109,,0.35,0.114,buy,990.6,0.876,0.458,2.34,5226000000,4624000000
MDT,Medtronic plc.,Healthcare,Medical Devices,1.17E+11,25.3687,3.2861,14.758,0.0939,0.13,57.06,3.05,0.087,buy,111.6923,2.535,1.553,2.92,5185000000,6357000000
MRK,"Merck & Company, Inc.",Healthcare,Drug Manufacturers - General,2.84E+11,15.8022,4.375,11.098,0.3688,0.2808,95.959,2.93,0.05,buy,127.2222,1.536,0.963,3.16,12360000000,22424000000
META,"Meta Platforms, Inc.",Communication Services,Internet Content & Information,1.63E+12,27.4379,8.1229,16.433,0.3024,0.3008,39.164,0.32,0.238,strong_buy,863.1993,2.599,2.423,1.15,46109000000,87097000000
MET,"MetLife, Inc.",Financial Services,Insurance - Life,46873550848,15.104,0.6081,14.727,0.1202,0.0438,225.974,3.11,0.276,buy,90.9333,1.895,1.595,0.55,,5722000000
MTD,"Mettler-Toledo International, I",Healthcare,Diagnostics & Research,24962842624,29.0944,6.1998,22.966,,0.2159,,0,0.081,buy,1501.3846,1.137,0.705,3.59,848648000,1117424000
MGM,MGM Resorts International,Consumer Cyclical,Resorts & Casinos,9794266112,47.1184,0.5585,16.83,0.1489,0.0117,963.089,0,0.06,buy,42.6111,1.234,1.03,7.85,1460451000,699821000
MCHP,Microchip Technology Incorporat,Technology,Semiconductors,35352383488,,8.0854,42.707,-0.0109,-0.0157,82.382,2.68,0.156,buy,86.6667,2.162,0.927,,772100000,290300000
MU,"Micron Technology, Inc.",Technology,Semiconductors,4.29E+11,36.2714,10.15,20.197,0.2255,0.2815,21.244,0.12,0.567,buy,409.4474,2.46,1.7,0.64,1668000000,10131000000
MSFT,Microsoft Corporation,Technology,Software - Infrastructure,3.05E+12,25.658,9.9765,17.593,0.3439,0.3904,31.539,0.89,0.167,strong_buy,595.9957,1.386,1.239,1.54,71611000000,1.26E+11
MAA,Mid-America Apartment Communiti,Real Estate,REIT - Residential,15887520768,35.0185,7.1918,17.095,0.0764,0.2023,93.305,4.55,0.01,buy,145.0417,0.071,0.036,35.02,717937000,644343000
MRNA,"Moderna, Inc.",Healthcare,Biotechnology,20607938560,,10.6008,-5.864,-0.2887,-1.4516,15.087,0,-0.298,hold,42.9,3.293,3.061,,-2075000000,-2758000000
MOH,Molina Healthcare Inc,Healthcare,Healthcare Plans,7565349888,16.4686,0.1737,3.766,0.1102,0.0108,99.435,0,0.071,hold,155.6875,1.688,1.599,2.32,-636000000,781000000
TAP,Molson Coors Beverage Company,Consumer Defensive,Beverages - Brewers,9180396544,,0.824,6.218,-0.1817,-0.192,61.772,4.08,-0.027,hold,48,0.553,0.352,,1067800000,-2270100000
MDLZ,"Mondelez International, Inc.",Consumer Defensive,Confectioners,75014348800,30.759,1.9466,18.933,0.0933,0.0636,84.848,3.44,0.093,buy,66.875,0.592,0.319,3.31,3235000000,3613000000
MPWR,"Monolithic Power Systems, Inc.",Technology,Semiconductors,50547331072,80.2104,18.1143,66.234,0.1917,0.2227,0.683,0.74,0.208,strong_buy,1328.2858,5.912,4.256,3.86,642292000,539358000
MNST,Monster Beverage Corporation,Consumer Defensive,Beverages - Non-Alcoholic,73947480064,38.9639,8.9154,27.607,0.2682,0.2297,0.8,0,0.176,buy,87.1583,3.703,3.028,2.21,1940648000,2419354000
MCO,Moody's Corporation,Financial Services,Financial Data & Stock Exchanges,83445358592,34.4039,10.8118,23.676,0.6208,0.3186,176.813,0.88,0.13,buy,546.7,1.74,1.532,2.65,2575000000,3411000000
MS,Morgan Stanley,Financial Services,Capital Markets,2.52E+11,15.5646,3.5896,,0.1561,0.2399,455.747,2.46,0.11,buy,195.5238,2.053,1.673,1.41,-20787000000,
MOS,Mosaic Company (The),Basic Materials,Agricultural Inputs,8466277888,15.6853,0.7025,5.976,0.0482,0.0449,43.154,3.35,0.056,buy,31.7474,1.315,0.398,2.8,47400000,545400000
MSI,"Motorola Solutions, Inc.",Technology,Communication Equipment,76937576448,36.2302,6.586,24.413,1.042,0.1844,402.39,1.04,0.123,none,502,1.037,0.816,2.95,2572000000,3172000000
MSCI,MSCI Inc.,Financial Services,Financial Data & Stock Exchanges,42464358400,36.0421,13.5476,26.001,,0.3836,,1.45,0.106,buy,678.3125,0.899,0.819,3.4,1458585000,1704145000
NDAQ,"Nasdaq, Inc.",Financial Services,Financial Data & Stock Exchanges,50370363392,28.5485,9.5962,18.958,0.1525,0.3406,77.878,1.22,0.134,buy,108.3333,1.005,0.196,2.13,1989000000,2499000000
NTAP,"NetApp, Inc.",Technology,Software - Infrastructure,19942696960,16.8943,2.9702,11.347,1.1259,0.1807,236.097,2.04,0.044,buy,119.5,1.39,1.205,3.84,1338000000,1447000000
NFLX,"Netflix, Inc.",Communication Services,Entertainment,4.19E+11,39.0494,9.2751,31.232,0.4276,0.243,63.782,0,0.176,buy,113.8883,1.186,1.061,2.22,9461053000,13499062000
NEM,Newmont Corporation,Basic Materials,Gold,1.27E+11,18.2351,5.6005,8.95,0.2234,0.3125,16.738,0.9,0.206,buy,138.1335,2.287,1.748,0.89,7299000000,11571000000
NWSA,News Corporation,Communication Services,Entertainment,14040720384,31.6364,1.6281,12.655,0.0633,0.1335,30.892,0.82,0.055,buy,34.05,1.813,1.577,5.75,571000000,956000000
NWS,News Corporation,Communication Services,Entertainment,15253708800,35.7857,1.7688,13.897,0.0633,0.1335,30.892,0.74,0.055,buy,,1.813,1.577,6.51,571000000,956000000
NEE,"NextEra Energy, Inc.",Utilities,Utilities - Regulated Electric,1.90E+11,27.6636,6.9387,20.947,0.0837,0.2493,146.242,2.74,0.207,buy,93.6454,0.595,0.39,1.34,3211000000,9102000000
NKE,"Nike, Inc.",Consumer Cyclical,Footwear & Accessories,84278222848,33.2924,1.8119,23.327,0.1795,0.0543,80.099,2.83,0.006,buy,76.1515,2.063,1.21,55.49,3268000000,3702000000
NI,NiSource Inc,Utilities,Utilities - Regulated Gas,22349893632,23.9513,3.3648,14.147,0.0907,0.1399,139.284,2.55,0.198,buy,48.0769,0.688,0.397,1.21,-793800000,1878300000
NDSN,Nordson Corporation,Industrials,Specialty Industrial Machinery,15219438592,29.5271,5.3482,19.406,0.1747,0.1839,66.986,1.17,0.088,buy,313.4,2.721,1.507,3.36,661115000,701804000
NSC,Norfolk Southern Corporation,Industrials,Railroads,68146384896,23.8,5.5949,15.389,0.1925,0.2359,114.742,1.74,-0.017,hold,312.7895,0.847,0.667,,2157000000,4457000000
NTRS,Northern Trust Corporation,Financial Services,Asset Management,25800331264,15.8856,3.1876,,0.1349,0.2146,,2.19,0.082,hold,157.1072,,,1.94,4759300000,
NOC,Northrop Grumman Corporation,Industrials,Aerospace & Defense,1.08E+11,25.9396,2.5661,17.376,0.2617,0.0997,107.257,1.25,0.096,buy,724.3914,1.101,0.954,2.7,3307000000,5733000000
NCLH,Norwegian Cruise Line Holdings ,Consumer Cyclical,Travel Services,9139295232,14.4424,0.93,9.762,0.2328,0.0431,703.028,0,0.064,buy,26.4773,0.209,0.092,2.26,838871000,1520130000
NRG,"NRG Energy, Inc.",Utilities,Utilities - Independent Power Producers,33706518528,39.1546,1.0975,15.851,0.4155,0.0281,989.054,1.18,0.137,buy,200.2143,1.637,1.093,2.86,765000000,1875000000
NUE,Nucor Corporation,Basic Materials,Steel,38471143424,22.3537,1.1839,10.857,0.0936,0.0537,32.765,1.3,0.086,buy,187.3077,2.938,1.47,2.6,-188000000,2738000000
NVDA,NVIDIA Corporation,Technology,Semiconductors,4.38E+12,36.802,20.296,33.056,1.0148,0.556,7.255,0.02,0.732,strong_buy,265.183,3.905,3.141,0.5,96676000000,1.42E+11
NVR,"NVR, Inc.",Consumer Cyclical,Residential Construction,19781072896,15.9593,1.8951,10.461,0.3319,0.1284,28.342,0,-0.05,buy,8004.4,6.211,2.814,,1096812000,1790767000
NXPI,NXP Semiconductors N.V.,Technology,Semiconductors,51465953280,25.5867,4.1948,15.507,0.207,0.1647,119.711,1.93,0.072,strong_buy,262.129,2.046,1.148,3.55,2283000000,3129000000
ORLY,"O'Reilly Automotive, Inc.",Consumer Cyclical,Auto Parts,80392470528,32.0673,4.521,22.009,,0.1427,,0,0.078,buy,105.72,0.769,0.085,4.11,1593178000,3475235000
OXY,Occidental Petroleum Corporatio,Energy,Oil & Gas E&P,53588795392,40.2481,2.482,7.352,0.0593,0.1077,63.804,1.95,1.489,hold,51.88,0.936,0.56,0.27,4105000000,4131000000
ODFL,"Old Dominion Freight Line, Inc.",Industrials,Trucking,40795107328,40.2268,7.4222,25.457,0.2393,0.1862,3.28,0.55,-0.057,hold,198.25,1.436,1.27,,955099000,1361604000
OMC,Omnicom Group Inc.,Communication Services,Advertising Agencies,26610751488,,1.5407,11.35,0.0048,-0.0032,86.307,3.77,0.279,buy,100.9,0.93,0.72,,2788400000,541500000
ON,ON Semiconductor Corporation,Technology,Semiconductors,23003971584,197.1379,3.8369,14.07,0.015,0.0202,42.294,0,-0.112,buy,67.2759,4.522,2.73,,1418600000,202200000
OKE,"ONEOK, Inc.",Energy,Oil & Gas Midstream,54507773952,15.9686,1.6209,11.855,0.1549,0.1009,146.453,4.86,0.295,buy,89.65,0.705,0.485,0.54,2447000000,6273000000
ORCL,Oracle Corporation,Technology,Software - Infrastructure,4.55E+11,29.7707,7.4603,21.214,0.6903,0.2528,432.511,1.29,0.142,buy,263.8918,0.909,0.773,2.1,-394000000,17738000000
OTIS,Otis Worldwide Corporation,Industrials,Specialty Industrial Machinery,34587279360,25.3571,2.3967,16.766,,0.0959,,1.85,0.033,buy,102.4286,0.849,0.726,7.68,1444000000,2219000000
PCAR,PACCAR Inc.,Industrials,Farm & Heavy Construction Machinery,63651635200,26.837,2.2377,20.857,0.1292,0.0835,81.937,1.07,-0.137,buy,125.08,2.168,1.937,,,2961700000
PKG,Packaging Corporation of Americ,Consumer Cyclical,Packaging & Containers,19977539584,25.9072,2.2224,12.532,0.172,0.0861,94.93,2.21,0.101,buy,231.9,3.166,1.857,2.57,521500000,1105800000
PLTR,Palantir Technologies Inc.,Technology,Software - Infrastructure,3.85E+11,255.2857,85.9475,248.785,0.2598,0.3631,3.063,0,0.7,buy,186.4112,7.11,6.992,3.65,2100591000,1414015000
PANW,"Palo Alto Networks, Inc.",Technology,Software - Infrastructure,1.34E+11,91.6397,13.5293,89.039,0.1626,0.1296,4.887,0,0.149,buy,208.1571,1.045,0.914,6.15,3469800000,1597600000
PSKY,Paramount Skydance Corporation,Communication Services,Entertainment,13243521024,400.1667,0.4584,9.791,-0.0086,-0.0215,117.11,1.7,0.021,hold,13.4615,1.257,0.933,190.56,489000000,-5317000000
PH,Parker-Hannifin Corporation,Industrials,Specialty Industrial Machinery,1.16E+11,33.6087,5.6847,24.506,0.2578,0.1729,68.925,0.75,0.091,buy,1031.3853,1.182,0.588,3.69,3341000000,4516000000
PAYX,"Paychex, Inc.",Technology,Software - Application,35832131584,22.5837,5.9385,13.542,0.4088,0.2645,129.814,4.39,0.183,hold,119.0667,1.265,0.505,1.23,1709100000,2281300000
PAYC,"Paycom Software, Inc.",Technology,Software - Application,7483160576,16.8676,3.6473,11.009,0.2742,0.221,5.215,1.1,0.102,none,152.9412,1.088,0.092,1.65,403500000,622800000
PYPL,"PayPal Holdings, Inc.",Financial Services,Credit Services,43779158016,8.6488,1.3196,6.878,0.2573,0.1578,60.703,1.18,0.037,hold,50.5,1.287,0.245,2.34,5564000000,6733000000
PNR,Pentair plc.,Industrials,Specialty Industrial Machinery,15113964544,23.5013,3.6192,15.883,0.1748,0.1566,45.645,1.08,0.049,buy,113.8421,1.607,0.864,4.8,746000000,825900000
PEP,"Pepsico, Inc.",Consumer Defensive,Beverages - Non-Alcoholic,2.16E+11,26.3523,2.2979,14.486,0.4285,0.0877,258.081,3.54,0.056,hold,170.8095,0.853,0.642,4.71,7672000000,11365000000
PFE,"Pfizer, Inc.",Healthcare,Drug Manufacturers - General,1.52E+11,19.7022,2.4347,7.997,0.0889,0.1242,77.957,6.46,-0.012,buy,28.4258,1.16,0.796,,9075000000,10191000000
PCG,Pacific Gas & Electric Co.,Utilities,Utilities - Regulated Electric,39750246400,15.3263,1.5942,10.252,0.0821,0.104,187.043,1.1,0.026,buy,22.2,0.971,0.378,5.89,-3071000000,5451000000
PM,Philip Morris International Inc,Consumer Defensive,Tobacco,2.62E+11,23.2135,6.4541,16.604,,0.2792,,3.46,0.068,buy,194.0938,0.958,0.42,3.41,10664000000,15467000000
PSX,Phillips 66,Energy,Oil & Gas Refining & Marketing,66168852480,15.3026,0.4999,13.237,0.1543,0.0333,71.38,3.05,0.013,buy,157.8,1.296,0.817,11.77,2729000000,6506000000
PNW,Pinnacle West Capital Corporati,Utilities,Utilities - Regulated Electric,12358948864,20.2416,2.3144,12.997,0.0906,0.1155,201.771,3.58,0.03,hold,101.7143,0.539,0.234,6.75,-819523000,1160337000
PNC,"PNC Financial Services Group, I",Financial Services,Banks - Regional,83373572096,12.4298,3.7354,,0.1216,0.3108,,3.2,0.096,buy,251.9048,,,1.29,,
POOL,Pool Corporation,Industrials,Industrial Distribution,8004339712,19.7687,1.5133,14.967,0.3306,0.0768,129.513,2.29,-0.005,buy,266.0909,2.238,0.514,,309516000,580204000
PPG,"PPG Industries, Inc.",Basic Materials,Specialty Chemicals,24064794624,15.56,1.5159,11.629,0.2108,0.0993,97.592,2.54,0.05,buy,125.75,1.624,1.134,3.11,1163000000,2286000000
PPL,PPL Corporation,Utilities,Utilities - Regulated Electric,28846426112,24.1478,3.1903,13.248,0.0816,0.1306,131.147,3,0.028,buy,40.5333,0.865,0.628,8.62,-1401000000,2280000000
PFG,Principal Financial Group Inc,Financial Services,Asset Management,20225013760,17.5352,1.2944,11.22,0.1052,0.0758,34.915,3.35,-0.037,hold,94.7273,1.51,0.34,,4438700000,
PG,Procter & Gamble Company (The),Consumer Defensive,Household & Personal Products,3.59E+11,22.8197,4.2154,15.535,0.3156,0.193,68.719,2.75,0.015,buy,168,0.724,0.466,15.21,14044000000,21074000000
PGR,Progressive Corporation (The),Financial Services,Insurance - Property & Casualty,1.23E+11,10.8734,1.3979,8.124,0.4045,0.129,23.421,6.6,0.122,hold,238.35,0.356,0.298,0.89,14834000000,
PLD,"Prologis, Inc.",Real Estate,REIT - Industrial,1.24E+11,37.5725,13.5256,25.966,0.0613,0.3621,61.78,3.1,0.04,buy,141.5,0.598,0.458,9.39,,4741575000
PRU,"Prudential Financial, Inc.",Financial Services,Insurance - Life,33625499648,9.6722,0.5491,7.809,0.1136,0.0584,124.482,5.5,0.312,hold,111.7857,0.916,0.811,0.31,,
PEG,Public Service Enterprise Group,Utilities,Utilities - Regulated Electric,41709305856,19.801,3.4278,14.643,0.1276,0.1735,142.68,3.19,0.183,buy,89.9706,0.801,0.489,1.08,-363000000,3335000000
PTC,PTC Inc.,Technology,Software - Application,19292839936,23.913,6.7459,16.895,0.2314,0.2861,35.942,0,0.214,buy,195,1.219,0.891,1.12,856688000,997196000
PSA,Public Storage,Real Estate,REIT - Industrial,54117412864,34.1851,11.1958,20.034,0.1876,0.3692,109.763,3.91,0.033,buy,309.3889,0.261,0.181,10.36,2897071000,2094299000
PHM,"PulteGroup, Inc.",Consumer Cyclical,Residential Construction,24560271360,11.4838,1.4187,8.148,0.1767,0.1282,18.453,0.8,-0.063,buy,143.4286,7.55,0.976,,1748533000,2911926000
PWR,"Quanta Services, Inc.",Industrials,Engineering & Construction,82004910080,80.4831,2.8794,35.334,0.1274,0.0361,71.102,0.08,0.197,buy,579.7377,1.136,1.011,4.09,1620816000,1650950000
QCOM,QUALCOMM Incorporated,Technology,Semiconductors,1.45E+11,27.4113,3.2365,10.838,0.2148,0.1196,64.218,2.6,0.05,buy,159.5385,2.505,1.626,5.48,12820000000,13327000000
DGX,Quest Diagnostics Incorporated,Healthcare,Diagnostics & Research,22360825856,22.9726,2.0264,13.192,0.1475,0.0899,90.379,1.69,0.071,buy,218.5,1.044,0.802,3.24,1359000000,1595000000
Q,"Qnity Electronics, Inc.",Technology,Semiconductor Equipment & Materials,23481442304,33.9389,4.9393,20.177,0.0798,0.1456,61.431,0.12,0.081,strong_buy,140.2222,1.945,1.406,4.19,861000000,898000000
RL,Ralph Lauren Corporation,Consumer Cyclical,Apparel Manufacturing,20611760128,23.1224,2.6314,16.092,0.3385,0.1173,98.972,1.03,0.122,buy,405.6375,2.099,1.441,1.9,1018900000,994800000
RJF,"Raymond James Financial, Inc.",Financial Services,Asset Management,30009501696,14.8408,2.111,,0.1712,0.1476,46.262,1.38,0.057,buy,184.8333,2.244,2.23,2.6,2246000000,
RTX,RTX Corporation,Industrials,Aerospace & Defense,2.81E+11,42.2748,3.1702,20.906,0.1095,0.076,59.513,1.33,0.121,buy,217.1624,1.026,0.667,3.49,7448000000,10568000000
O,Realty Income Corporation,Real Estate,REIT - Retail,60605464576,55.3547,10.5168,17.632,0.027,0.1837,73.505,5,0.11,hold,66.05,1.245,0.774,5.03,,2261626000
REG,Regency Centers Corporation,Real Estate,REIT - Retail,14671601664,27.8599,9.1069,19.386,0.0768,0.3274,69.389,3.81,0.089,buy,81.45,0.618,0.549,3.13,,747407000
REGN,"Regeneron Pharmaceuticals, Inc.",Healthcare,Biotechnology,80320626688,18.3249,5.6,17.162,0.1486,0.3141,9.511,0.49,0.025,buy,872.6667,4.126,3.284,7.33,3765200000,5274500000
RF,Regions Financial Corporation,Financial Services,Banks - Regional,23696621568,11.7495,3.3584,,0.1165,0.3056,,3.77,0.156,hold,30.9429,,,0.75,2151000000,
RSG,"Republic Services, Inc.",Industrials,Waste Management,71287848960,33.5692,4.2968,16.587,0.183,0.1289,115.348,1.08,0.022,buy,244.4583,0.642,0.572,15.26,2409000000,3168000000
RMD,ResMed Inc.,Healthcare,Medical Instruments & Supplies,36765990912,24.9139,6.8109,18.087,0.2568,0.2753,13.411,0.94,0.11,buy,297.4667,3.06,1.974,2.26,1650946000,1687394000
RVTY,"Revvity, Inc.",Healthcare,Diagnostics & Research,10551303168,45.1772,3.6944,15.786,0.0322,0.0844,46.869,0.29,0.059,buy,119.5625,1.682,1.25,7.66,509411000,360462000
HOOD,"Robinhood Markets, Inc.",Financial Services,Capital Markets,70341091328,38.1122,15.7257,,0.2199,0.421,136.04,0,0.265,buy,130.0043,1.13,1.086,1.44,1584000000,2094000000
ROK,"Rockwell Automation, Inc.",Industrials,Specialty Industrial Machinery,41482223616,42.214,4.8427,24.696,0.2374,0.1156,99.289,1.46,0.119,buy,428.6619,1.156,0.642,3.55,1358000000,1073000000
ROL,"Rollins, Inc.",Consumer Cyclical,Personal Services,27944241152,53.289,7.4299,33.867,0.3894,0.14,75.529,1.25,0.097,buy,63.66,0.602,0.442,5.49,650021000,729484000
ROP,"Roper Technologies, Inc.",Technology,Software - Application,39248916480,25.6789,4.9666,14.97,0.0793,0.1944,47.957,0.99,0.097,none,462.1919,0.518,0.416,2.65,2435600000,2261100000
ROST,"Ross Stores, Inc.",Consumer Cyclical,Apparel Retail,68466634752,32.8938,3.0094,21.545,0.3668,0.0943,84.241,0.83,0.122,buy,229.8125,1.583,0.989,2.7,1636884000,2820541000
RCL,Royal Caribbean Cruises Ltd.,Consumer Cyclical,Travel Services,75540127744,17.7561,4.2119,14.765,0.4773,0.238,215.09,1.5,0.133,buy,363.5,0.183,0.095,1.34,1236000000,5365000000
SPGI,S&P Global Inc.,Financial Services,Financial Data & Stock Exchanges,1.36E+11,30.6692,8.8773,19.848,0.1309,0.2915,37.912,0.86,0.09,strong_buy,537.9048,0.824,0.686,3.41,5456000000,6514000000
CRM,"Salesforce, Inc.",Technology,Software - Application,1.88E+11,25.7612,4.5283,15.463,0.124,0.1796,29.947,0.87,0.121,buy,276.3612,0.76,0.644,2.13,12434000000,7666000000
SNDK,Sandisk Corporation,Technology,Computer Hardware,81394556928,,9.1158,58.061,-0.0937,-0.1166,7.96,0,0.612,buy,724.2632,3.114,1.729,,-120000000,-1416000000
SBAC,SBA Communications Corporation,Real Estate,REIT - Specialty,21099474944,24.9057,7.495,19.798,,0.3743,,2.55,0.037,buy,225.1579,0.286,0.173,6.73,1106717000,1200105000
SLB,SLB Limited,Energy,Oil & Gas Equipment & Services,70160949248,19.966,1.9649,10.384,0.139,0.0945,45.975,2.49,0.05,buy,55.5464,1.326,0.883,3.99,4543000000,4849000000
STX,Seagate Technology Holdings PLC,Technology,Computer Hardware,81033338880,40.8718,8.0566,29.406,,0.1959,1046.623,0.81,0.215,none,475.3538,1.119,0.651,1.9,818000000,1834000000
SRE,DBA Sempra,Utilities,Utilities - Diversified,60494110720,33.6727,4.415,19.409,0.0519,0.134,83.385,2.8,-0.002,buy,101.5,1.591,0.092,,-6047000000,2701000000
NOW,"ServiceNow, Inc.",Technology,Software - Application,1.30E+11,73.9192,9.8096,44.571,0.1549,0.1316,18.536,0,0.207,strong_buy,190.5465,1.003,0.86,3.57,4533000000,2284000000
SHW,Sherwin-Williams Company (The),Basic Materials,Specialty Chemicals,81789214720,32.173,3.4694,21.509,0.5939,0.109,306.061,0.95,0.056,buy,388.1428,0.868,0.444,5.75,2654000000,3803200000
SPG,"Simon Property Group, Inc.",Real Estate,REIT - Retail,63372390400,13.7629,9.9572,20.248,1.0411,0.7271,435.463,4.3,0.132,buy,205.4,0.236,0.184,1.04,3202205000,6374743000
SWKS,"Skyworks Solutions, Inc.",Technology,Semiconductors,8321675776,21.2031,2.0528,8.594,0.0648,0.0973,20.714,5.03,-0.031,hold,67.8947,2.396,1.511,,1075900000,553800000
SJM,The J.M. Smucker Company,Consumer Defensive,Packaged Foods,11793990656,,1.3212,10.281,-0.2068,-0.1407,143.204,3.95,0.07,buy,125,0.844,0.296,,816600000,-658100000
SW,Smurfit WestRock plc,Consumer Cyclical,Packaging & Containers,22650382336,32.485,0.7265,7.767,0.0391,0.0224,81.007,4.06,0.005,strong_buy,59.0714,1.478,0.755,64.97,17000000,1085000000
SNA,Snap-On Incorporated,Industrials,Tools & Accessories,19425861632,19.4643,3.7675,13.998,0.1833,0.1972,21.711,2.55,0.031,hold,376.4375,4.793,3.512,6.28,1005700000,1386400000
SOLV,Solventum Corporation,Healthcare,Medical Instruments & Supplies,12068172800,7.8333,1.4496,14.279,0.3886,0.1869,103.941,0,-0.037,buy,90.1667,1.231,0.658,,805000000,972000000
SO,Southern Company (The),Utilities,Utilities - Regulated Electric,1.09E+11,24.8724,3.693,13.218,0.1104,0.1469,190.586,3.05,0.101,buy,100.2368,0.646,0.338,2.46,-2935000000,8237000000
LUV,Southwest Airlines Company,Industrials,Airlines,21208528896,51.9114,0.7557,14.139,0.0481,0.0157,74.94,1.64,0.074,hold,49.1261,0.517,0.401,7.02,-831000000,676000000
SWK,"Stanley Black & Decker, Inc.",Industrials,Tools & Accessories,11639489536,28.3226,0.7693,10.761,0.0452,0.0266,70.024,4.26,-0.01,buy,91.8679,1.14,0.229,,687900000,934200000
SBUX,Starbucks Corporation,Consumer Cyclical,Restaurants,1.13E+11,82.3375,2.9858,25.359,,0.0363,,2.51,0.055,buy,100.2188,1.047,0.419,14.97,2442000000,3049900000
STT,State Street Corporation,Financial Services,Asset Management,33761892352,12.859,2.4315,,0.1108,0.2121,,2.68,0.076,buy,144.3,,,1.69,10843000000,
STLD,"Steel Dynamics, Inc.",Basic Materials,Steel,26591488000,22.7612,1.463,15.345,0.1328,0.0652,49.077,1.07,0.14,strong_buy,194.9173,3.055,1.156,1.63,501509000,1563014000
STE,STERIS plc (Ireland),Healthcare,Medical Devices,22696986624,32.2082,3.8945,15.897,0.1047,0.1214,28.651,1.03,0.092,buy,281.25,2.479,1.533,3.5,777996000,882468000
SYK,Stryker Corporation,Healthcare,Medical Devices,1.40E+11,43.3484,5.5547,22.168,0.1508,0.1292,72.971,0.95,0.114,buy,424.895,1.893,1.044,3.8,4283000000,5121000000
SMCI,"Super Micro Computer, Inc.",Technology,Computer Hardware,18981976064,23.1314,0.6763,18.661,0.1319,0.0311,75.28,0,1.234,none,41.3125,1.697,0.981,0.19,1532310000,1271489000
SYF,Synchrony Financial,Financial Services,Credit Services,23924367360,7.1579,2.4523,,0.213,0.3641,,1.74,0.05,buy,90.2609,,,1.43,,
SNPS,"Synopsys, Inc.",Technology,Software - Infrastructure,84212580352,67.6323,10.5165,57.826,0.0554,0.1376,35.579,0,0.655,buy,537.75,1.363,1.172,1.03,1349154000,1839871000
SYY,Sysco Corporation,Consumer Defensive,Food Distribution,40773763072,22.9474,0.4934,12.15,0.8234,0.0218,640.248,2.52,0.03,buy,90.6875,1.295,0.709,7.65,1604000000,3050000000
TMUS,"T-Mobile US, Inc.",Communication Services,Telecom Services,2.47E+11,22.7235,2.8004,11.001,0.1818,0.1245,208.851,1.85,0.113,none,268.52,0.998,0.669,2.01,15427000000,18055000000
TROW,"T. Rowe Price Group, Inc.",Financial Services,Asset Management,19633362944,9.7363,2.6841,6.177,0.1879,0.2853,3.891,5.65,0.06,none,102.0833,6.234,6.234,1.62,1479200000,2477400000
TTWO,"Take-Two Interactive Software, ",Communication Services,Electronic Gaming & Multimedia,38947954688,,5.938,48.987,-0.8622,-0.6045,100.449,0,0.249,strong_buy,276.8107,1.137,1.011,,-214600000,-4322000000
TPR,"Tapestry, Inc.",Consumer Cyclical,Luxury Goods,29455239168,56.0039,3.9196,18.283,0.5534,0.0695,715.475,1.07,0.14,buy,160.2105,1.626,0.96,4,1093900000,301500000
TRGP,"Targa Resources, Inc.",Energy,Oil & Gas Midstream,51346608128,28.1692,3.0154,14.214,0.5138,0.1129,548.63,1.67,-0.079,strong_buy,242.45,0.666,0.463,,584100000,3339200000
TGT,Target Corporation,Consumer Defensive,Discount Stores,54409752576,14.5316,0.5193,8.764,0.2403,0.0354,125.518,3.79,-0.015,hold,123.129,0.942,0.259,,4476000000,5672000000
TEL,TE Connectivity plc,Technology,Electronic Components,60785328128,29.7957,3.3592,14.763,0.161,0.1141,45.691,1.35,0.217,buy,275.3684,1.651,0.931,1.37,3203000000,3281000000
TDY,Teledyne Technologies Incorpora,Technology,Scientific & Technical Instruments,30662281216,34.6273,5.0139,21.786,0.0893,0.1463,25.13,0,0.073,buy,699.6154,1.643,0.924,4.74,1074000000,1154100000
TER,"Teradyne, Inc.",Technology,Semiconductor Equipment & Materials,43830968320,80.4512,13.74,58.868,0.1973,0.1737,10.131,0.17,0.439,buy,302.7059,1.748,0.994,1.83,450406000,660106000
TSLA,"Tesla, Inc.",Consumer Cyclical,Auto Manufacturers,1.50E+12,365.9087,15.7827,142.168,0.0493,0.04,17.763,0,-0.031,buy,421.6136,2.164,1.538,,6220000000,5616000000
TXN,Texas Instruments Incorporated,Technology,Semiconductors,1.76E+11,35.5733,9.9443,23.567,0.3015,0.2828,90.819,2.87,0.104,hold,221.5497,4.353,2.708,3.42,2603000000,6253000000
TPL,Texas Pacific Land Corporation,Energy,Oil & Gas E&P,36309790720,75.6717,45.4902,54.839,0.3715,0.6031,1.219,0.46,0.139,hold,444.5,4.398,4.266,5.44,32135000,611019000
TXT,Textron Inc.,Industrials,Aerospace & Defense,16376493056,18.3652,1.1066,11.595,0.1224,0.0622,54.375,0.08,0.156,buy,99.282,1.969,0.89,1.18,929000000,1263000000
TMO,Thermo Fisher Scientific Inc,Healthcare,Diagnostics & Research,1.89E+11,28.3219,4.2366,20.122,0.1302,0.1505,77.255,0.34,0.072,strong_buy,666.4583,1.89,1.361,3.93,7267000000,
TJX,"TJX Companies, Inc. (The)",Consumer Cyclical,Apparel Retail,1.77E+11,32.6465,2.9369,22.351,0.5913,0.091,132.375,1.06,0.085,strong_buy,171.7778,1.138,0.592,3.84,4198000000,
TKO,"TKO Group Holdings, Inc.",Communication Services,Entertainment,16017687552,89.4075,3.3827,18.473,0.0563,0.0413,43.924,1.47,0.119,buy,235.1176,1.261,0.776,7.51,1158772000,809348000
TTD,"The Trade Desk, Inc.",Communication Services,Advertising Agencies,13884251136,32.4111,4.7938,19.291,0.1632,0.1531,17.563,0,0.143,buy,31.8939,1.611,1.553,2.27,632394000,427167000
TSCO,Tractor Supply Company,Consumer Cyclical,Specialty Retail,26454415360,24.3981,1.7041,16.486,0.4518,0.0706,230.228,1.9,0.033,buy,57.5926,1.342,0.085,7.39,740489000,1467389000
TT,Trane Technologies plc,Industrials,Building Products & Equipment,93768990720,32.2072,4.3978,23.803,0.3696,0.1369,63.247,0.96,0.056,buy,479.731,1.251,0.869,5.75,2811500000,3905300000
TDG,Transdigm Group Incorporated,Industrials,Aerospace & Defense,72943517696,41.5586,8.007,21.674,,0.2224,,0,0.139,buy,1594,2.75,1.736,2.99,1816000000,4201000000
TRV,"The Travelers Companies, Inc.",Financial Services,Insurance - Property & Casualty,68033228800,11.115,1.3933,7.796,0.207,0.1288,28.917,1.43,0.035,hold,302.9048,0.364,0.187,3.18,,8221000000
TRMB,Trimble Inc.,Technology,Scientific & Technical Instruments,16604504064,39.6534,4.6287,21.749,0.0732,0.1182,26.749,0,-0.014,strong_buy,91,1.085,0.738,,360900000,583800000
TFC,Truist Financial Corporation,Financial Services,Banks - Regional,57873973248,12.1283,3.1411,,0.0824,0.288,,4.29,0.032,buy,57,,,3.79,,
TYL,"Tyler Technologies, Inc.",Technology,Software - Application,16069209088,51.8488,6.8897,35.126,0.089,0.1353,17.355,0,0.063,buy,439.9048,1.05,1.002,8.23,620750000,395313000
TSN,"Tyson Foods, Inc.",Consumer Defensive,Farm Products,21649336320,109.8036,0.3927,11.243,0.0126,0.0036,46.039,3.29,0.051,none,69.0833,1.533,0.598,21.53,1177000000,1218000000
USB,U.S. Bancorp,Financial Services,Banks - Regional,81064075264,11.2933,3.076,,0.1218,0.2872,,3.78,0.053,buy,64.1818,,,2.13,,
UBER,"Uber Technologies, Inc.",Technology,Software - Application,1.56E+11,15.888,3.0019,25.503,0.3993,0.1933,43.806,0,0.201,buy,104.3657,1.136,0.93,0.79,9763000000,6240000000
UDR,"UDR, Inc.",Real Estate,REIT - Residential,13977156608,32.854,7.9919,18.628,0.0938,0.216,144.726,4.57,0.015,buy,41.0238,0.156,0.001,21.9,613946000,601169000
ULTA,"Ulta Beauty, Inc.",Consumer Cyclical,Specialty Retail,28861558784,24.681,2.4087,16.855,0.4797,0.0993,97.784,0,0.129,buy,684.375,1.328,0.174,1.91,964147000,1578661000
UNP,Union Pacific Corporation,Industrials,Railroads,1.51E+11,21.2757,6.1656,14.931,0.4038,0.2912,177.733,2.12,-0.006,buy,269.2083,0.908,0.673,,5499000000,10475000000
UAL,"United Airlines Holdings, Inc.",Industrials,Airlines,29615552512,8.9686,0.5014,6.404,0.2399,0.0568,203.089,0,0.048,strong_buy,137.9792,0.645,0.56,1.87,2557000000,5473000000
UPS,"United Parcel Service, Inc.",Industrials,Integrated Freight & Logistics,85767766016,15.3979,0.9674,9.097,0.3377,0.0628,175.884,6.3,-0.032,buy,113.0714,1.219,1.112,,4765000000,8181000000
URI,"United Rentals, Inc.",Industrials,Rental & Leasing Services,51757395968,21.0673,3.2149,15.334,0.2836,0.1549,174.732,0.93,0.028,buy,991.3935,0.945,0.777,7.52,662000000,4054000000
UNH,UnitedHealth Group Incorporated,Healthcare,Healthcare Plans,2.59E+11,21.582,0.5779,15.01,0.1254,0.0269,81.618,3.06,0.123,buy,364.625,0.788,0.704,1.75,20705000000,
UHS,"Universal Health Services, Inc.",Healthcare,Medical Care Facilities,11771395072,8.342,0.6779,6.581,0.2133,0.0857,69.729,0.41,0.091,buy,250.7647,1.052,0.846,0.92,824550000,2124398000
VLO,Valero Energy Corporation,Energy,Oil & Gas Refining & Marketing,69017559040,29.8917,0.5953,10.275,0.083,0.0202,43.988,2.1,-0.021,buy,199.8889,1.645,1.032,,5030000000,3561000000
VTR,"Ventas, Inc.",Real Estate,REIT - Healthcare Facilities,40400539648,157.5185,6.9447,24.067,0.0217,0.0432,101.996,2.45,0.214,buy,90.9,0.38,0.346,7.36,1002111000,859614000
VLTO,Veralto Corp,Industrials,Pollution & Treatment Controls,23270426624,24.9255,4.2287,18.011,0.365,0.1708,92.692,0.55,0.038,buy,110.1176,1.669,1.424,6.56,1014000000,1269000000
VRSN,"VeriSign, Inc.",Technology,Software - Infrastructure,22445914112,27.4841,13.5494,20.054,,0.4984,,1.36,0.076,buy,276.75,0.489,0.447,3.62,1068300000,1145500000
VRSK,"Verisk Analytics, Inc.",Industrials,Consulting Services,29927473152,33.1373,9.7398,21.455,4.3795,0.2956,1581.795,0.95,,buy,228.4118,1.202,1.152,,1191900000,1342200000
VZ,Verizon Communications Inc.,Communication Services,Telecom Services,2.15E+11,12.5517,1.5553,7.659,0.1707,0.1243,174.78,5.53,0.02,buy,49.7977,0.913,0.74,6.28,19676000000,29366000000
VRTX,Vertex Pharmaceuticals Incorpor,Healthcare,Biotechnology,1.15E+11,29.5895,9.5828,23.118,0.2254,0.3294,10.908,0,0.095,buy,535.5555,2.901,2.243,3.11,3193800000,4656500000
VTRS,Viatris Inc.,Healthcare,Drug Manufacturers - Specialty & Generic,16291784704,,1.1393,7.558,-0.2108,-0.2458,99.91,3.3,0.05,buy,15.3889,1.38,0.685,,1850800000,-3193700000
VICI,VICI Properties Inc.,Real Estate,REIT - Diversified,31610097664,11.3314,7.8891,13.497,0.1022,0.6928,62.679,5.94,0.038,buy,34.7391,17.233,17.231,2.98,2373972000,3557043000
V,Visa Inc.,Financial Services,Credit Services,6.06E+11,29.5254,14.6472,21.215,0.5395,0.5023,54.612,0.84,0.146,strong_buy,400.4725,1.111,0.725,2.02,21577000000,24783000000
VST,Vistra Corp.,Utilities,Utilities - Independent Power Producers,54855847936,58.2374,3.0926,15.019,0.1766,0.0532,399.55,0.54,0.136,strong_buy,233.0526,0.777,0.264,4.28,2485000000,4326000000
VMC,Vulcan Materials Company (Holdi,Basic Materials,Building Materials,36395470848,33.7561,4.5832,18.296,0.1297,0.1356,57.785,0.72,0.032,buy,327.7826,2.686,1.121,10.55,1135300000,1629800000
WRB,W.R. Berkley Corporation,Financial Services,Insurance - Property & Casualty,26434273280,15.6315,1.7973,10.006,0.197,0.121,31.921,0.52,0.015,hold,68.3333,0.399,0.242,10.42,3412622000,2407435000
GWW,"W.W. Grainger, Inc.",Industrials,Industrial Distribution,52875812864,31.413,2.947,19.223,0.461,0.0951,69.114,0.79,0.045,hold,1143.875,2.827,1.502,6.98,1331000000,2511000000
WAB,Westinghouse Air Brake Technolo,Industrials,Railroads,41737486336,35.7977,3.7376,19.76,0.111,0.1048,53.021,0.42,0.148,buy,289.75,1.106,0.517,2.42,1499000000,1817000000
WMT,Walmart Inc.,Consumer Defensive,Discount Stores,9.81E+11,45.0842,1.376,23.673,0.2185,0.0307,63.19,0.8,0.056,strong_buy,135.9024,0.79,0.204,8.05,12660000000,29037000000
DIS,Walt Disney Company (The),Communication Services,Entertainment,1.79E+11,14.8616,1.8696,11.805,0.1202,0.128,40.909,1.46,0.052,buy,130.2964,0.669,0.545,2.86,10077000000,13815000000
WBD,"Warner Bros. Discovery, Inc. - ",Communication Services,Entertainment,69170257920,146.8026,1.8546,13.972,0.0208,0.0195,98.91,0,-0.057,hold,29.1875,1.056,0.698,,4427000000,-9371000000
WM,"Waste Management, Inc.",Industrials,Waste Management,99615866880,36.9178,3.9524,16.269,0.297,0.1074,239.385,1.39,0.071,buy,253.12,0.889,0.77,5.2,2816000000,4338000000
WAT,Waters Corporation,Healthcare,Diagnostics & Research,30134931456,28.5483,9.5204,29.172,0.2928,0.203,60.282,0,0.068,buy,398.0476,1.733,1.143,4.2,539810000,824426000
WEC,"WEC Energy Group, Inc.",Utilities,Utilities - Regulated Electric,37781168128,24.1289,3.8552,15.666,0.1158,0.1589,159.331,3.28,0.111,buy,122.2647,0.587,0.374,2.17,-1018700000,2568600000
WFC,Wells Fargo & Company,Financial Services,Banks - Diversified,2.52E+11,12.8243,3.1492,,0.1173,0.2666,,2.19,0.05,buy,101.6458,,,2.56,,
WELL,Welltower Inc.,Real Estate,REIT - Healthcare Facilities,1.42E+11,144.6667,13.1322,60.232,0.0254,0.0864,49.488,1.44,0.413,buy,227.5,1.697,1.136,3.5,2847878000,171930000
WST,"West Pharmaceutical Services, I",Healthcare,Medical Instruments & Supplies,17460529152,35.7047,5.6799,21.15,0.1686,0.1606,10.271,0.36,0.075,none,318.3572,3.021,2.104,4.76,468900000,
WDC,Western Digital Corporation,Technology,Computer Hardware,86489718784,23.9327,8.0575,,0.4113,0.3564,,0.19,,buy,321,1.455,1.107,,1279000000,1487000000
WY,Weyerhaeuser Company,Real Estate,REIT - Specialty,17513318400,53.9889,2.5363,32.588,0.0338,0.0469,60.694,3.41,-0.098,buy,31.8182,1.293,0.608,,-381000000,533000000
WSM,"Williams-Sonoma, Inc.",Consumer Cyclical,Specialty Retail,22096773120,20.3849,2.7929,13.951,0.5692,0.143,70.88,1.36,0.046,none,204.7895,1.427,0.541,4.43,1138655000,1430184000
WMB,"Williams Companies, Inc. (The)",Energy,Oil & Gas Midstream,91214118912,34.8925,7.7114,18.156,0.1856,0.2213,197.026,2.81,0.087,buy,76.7471,0.531,0.297,4.01,899000000,5067000000
WTW,Willis Towers Watson Public Lim,Financial Services,Insurance Brokers,28927571968,18.592,2.9798,12.268,0.2008,0.1653,85.755,1.28,-0.033,buy,369.421,1.205,0.436,,1546000000,2213000000
WDAY,"Workday, Inc.",Technology,Software - Application,39609450496,57.278,4.1467,26.865,0.0823,0.0726,48.956,0,0.145,buy,185.966,1.322,1.219,3.95,2189000000,752000000
WYNN,"Wynn Resorts, Limited",Consumer Cyclical,Resorts & Casinos,10588968960,32.4331,1.4835,11.603,,0.0459,,0.95,0.015,strong_buy,141.8333,1.633,1.502,21.62,1003659000,
XEL,Xcel Energy Inc.,Utilities,Utilities - Regulated Electric,48926253056,24.1842,3.3354,14.581,0.0936,0.1376,152.832,2.88,0.141,strong_buy,88.9412,0.707,0.379,1.72,-2723000000,
XYL,Xylem Inc.,Industrials,Specialty Industrial Machinery,30097645568,31.5357,3.3312,16.867,0.084,0.1059,21.066,1.36,0.063,buy,158.4118,1.625,1.134,5.01,942000000,1131000000
YUM,"Yum! Brands, Inc.",Consumer Cyclical,Restaurants,43966328832,28.5315,5.3526,19.356,,0.1898,,1.89,0.065,buy,171.75,1.346,1.098,4.39,1639000000,2578000000
ZBRA,Zebra Technologies Corporation,Technology,Communication Equipment,11220230144,27.0758,2.0794,14.081,0.1168,0.0776,75.167,0,0.106,buy,336.3763,0.97,0.517,2.55,831000000,668000000
ZBH,"Zimmer Biomet Holdings, Inc.",Healthcare,Medical Devices,18559703040,26.3803,2.2547,10.237,0.056,0.0857,61.971,1.03,0.109,hold,102.6522,1.982,0.9,2.42,1420200000,1123600000
ZTS,Zoetis Inc.,Healthcare,Drug Manufacturers - Specialty & Generic,53074886656,19.9726,5.6063,14.412,0.6599,0.2824,279.586,1.73,0.03,buy,151,3.028,1.746,6.66,2283000000,3582000000
